"phylum","genus","mean.difference (MA - VEN)","se (MA - VEN)","effect.size (MA - VEN)","p.val","q.val","diff.abn","structural.zero (MA)","structural.zero (VEN)"
"p__Actinobacteria","p__Actinobacteria;g__Rhodococcus",-0.269037256582624,0,Inf,0,0,TRUE,1,0
"p__Bacteroidetes","p__Bacteroidetes;g__Cyclobacterium",-0.24332676780512,0,Inf,0,0,TRUE,1,0
"p__Firmicutes","p__Firmicutes;g__Brevibacillus",-0.773264866106122,0,Inf,0,0,TRUE,1,0
"p__Proteobacteria","p__Proteobacteria;g__Achromobacter",-0.215511362968902,0,Inf,0,0,TRUE,1,0
"p__Proteobacteria","p__Proteobacteria;g__Congregibacter",-0.241398659834453,0,Inf,0,0,TRUE,1,0
"p__Proteobacteria","p__Proteobacteria;g__Cupriavidus",-0.242050564088368,0,Inf,0,0,TRUE,1,0
"p__Proteobacteria","p__Proteobacteria;g__Paucibacter",-0.241683214147248,0,Inf,0,0,TRUE,1,0
"p__Proteobacteria","p__Proteobacteria;g__Ralstonia",-1.53908789216796,0,Inf,0,0,TRUE,1,0
"p__Proteobacteria","p__Proteobacteria;g__Salinivibrio",-0.207353955561773,0,Inf,0,0,TRUE,1,0
"p__Proteobacteria","p__Proteobacteria;g__Sphaerotilus",-0.283196837872077,0,Inf,0,0,TRUE,1,0
"p__Spirochaetes","p__Spirochaetes;g__Brachyspira",0.914336909388226,0,Inf,0,0,TRUE,0,1
"p__Firmicutes","p__Firmicutes;g__Mitsuokella",3.09075887744837,0.335054143631102,9.22465498845264,2.8447522333284e-20,6.25845491332248e-18,TRUE,0,0
"p__Firmicutes","p__Firmicutes;g__Veillonella",2.68988580985025,0.305774749624043,8.79695204773293,1.40582346475638e-18,3.09281162246404e-16,TRUE,0,0
"p__Proteobacteria","p__Proteobacteria;g__Acinetobacter",-1.99282349763582,0.236947762658912,-8.41039170521523,4.08643709730669e-17,8.99016161407472e-15,TRUE,0,0
"p__Proteobacteria","p__Proteobacteria;g__Bilophila",-2.72781868525282,0.325552284213995,-8.37904944159365,5.33568590297255e-17,1.17385089865396e-14,TRUE,0,0
"p__Proteobacteria","p__Proteobacteria;g__Klebsiella",-2.38978518162058,0.312187168806054,-7.65497566975673,1.93348845080065e-14,4.25367459176144e-12,TRUE,0,0
"p__Firmicutes","p__Firmicutes;g__Geobacillus",-1.87904555316374,0.248889895415366,-7.5497060659206,4.36241655921548e-14,9.59731643027406e-12,TRUE,0,0
"p__Proteobacteria","p__Proteobacteria;g__Desulfovibrio",-2.97668755460794,0.398388059668621,-7.47182924378797,7.90875953446742e-14,1.73992709758283e-11,TRUE,0,0
"p__Firmicutes","p__Firmicutes;g__Lactococcus",-2.5704737639372,0.347153351477352,-7.40443309274775,1.31711913494018e-13,2.8976620968684e-11,TRUE,0,0
"p__Proteobacteria","p__Proteobacteria;g__Sphingomonas",-1.12121394971125,0.151953833036049,-7.3786486810455,1.59904154794995e-13,3.51789140548988e-11,TRUE,0,0
"p__Firmicutes","p__Firmicutes;g__Halobacillus",-1.62858194698061,0.230936972687853,-7.05206242216521,1.76285080908946e-12,3.8782717799968e-10,TRUE,0,0
"p__Firmicutes","p__Firmicutes;g__Oscillospira",-2.17824385190355,0.350464120944798,-6.21531198694843,5.12227726613601e-10,1.12690099854992e-07,TRUE,0,0
"p__Tenericutes","p__Tenericutes;g__p-75-a5",-2.50116966175184,0.404821749602022,-6.17844684533556,6.47352761707389e-10,1.42417607575626e-07,TRUE,0,0
"p__Proteobacteria","p__Proteobacteria;g__Pseudomonas",-0.901454330113615,0.151822576319208,-5.93755126522357,2.89310595579993e-09,6.36483310275984e-07,TRUE,0,0
"p__Firmicutes","p__Firmicutes;g__Lactobacillus",2.17838149436359,0.367381314209511,5.9294836457613,3.03888775880324e-09,6.68555306936714e-07,TRUE,0,0
"p__Firmicutes","p__Firmicutes;g__Finegoldia",1.27685259890539,0.21562813846256,5.92154905203661,3.1892314755093e-09,7.01630924612046e-07,TRUE,0,0
"p__Bacteroidetes","p__Bacteroidetes;g__Odoribacter",-1.91958684062893,0.325249952814401,-5.90188199573488,3.59378185973147e-09,7.90632009140922e-07,TRUE,0,0
"p__Firmicutes","p__Firmicutes;g__Streptococcus",1.59282583002241,0.277274815377412,5.74457448598185,9.21524244191526e-09,2.02735333722136e-06,TRUE,0,0
"p__Proteobacteria","p__Proteobacteria;g__Erwinia",-1.39708924192744,0.245617490978001,-5.68806902295314,1.28483893837373e-08,2.82664566442222e-06,TRUE,0,0
"p__Firmicutes","p__Firmicutes;g__Pediococcus",0.90150265356166,0.161389975255229,5.58586524433122,2.32539502738472e-08,5.11586906024638e-06,TRUE,0,0
"p__Firmicutes","p__Firmicutes;g__Anaerovorax",0.783296986427451,0.141664811850695,5.52922759148542,3.21643835606627e-08,7.0761643833458e-06,TRUE,0,0
"p__Fusobacteria","p__Fusobacteria;g__Leptotrichia",1.41618856302307,0.256854423977028,5.51358446973731,3.5159816766187e-08,7.73515968856115e-06,TRUE,0,0
"p__Proteobacteria","p__Proteobacteria;g__Haemophilus",1.46272229318653,0.284524364681174,5.14093861460895,2.73369363392399e-07,6.01412599463278e-05,TRUE,0,0
"p__Proteobacteria","p__Proteobacteria;g__Citrobacter",-1.01939403375406,0.198589288628591,-5.13317732690288,2.84891255572707e-07,6.26760762259956e-05,TRUE,0,0
"p__Firmicutes","p__Firmicutes;g__Anaerococcus",0.894319440537207,0.177858503334444,5.02826361276376,4.94941159973846e-07,0.000108887055194246,TRUE,0,0
"p__Tenericutes","p__Tenericutes;g__Catenibacterium",-2.04502007141352,0.409200280322039,-4.9976018340068,5.80476860723395e-07,0.000127704909359147,TRUE,0,0
"p__Proteobacteria","p__Proteobacteria;g__Actinobacillus",1.53242550452826,0.311033306493409,4.926885553849,8.35506586880605e-07,0.000183811449113733,TRUE,0,0
"p__Firmicutes","p__Firmicutes;g__Subdoligranulum",-0.641305622121408,0.1301950546905,-4.92572950367371,8.40461981179649e-07,0.000184901635859523,TRUE,0,0
"p__Firmicutes","p__Firmicutes;g__Turicibacter",1.73666807376291,0.358813877499819,4.8400248225176,1.29822912136988e-06,0.000285610406701373,TRUE,0,0
"p__Bacteroidetes","p__Bacteroidetes;g__Alistipes",-1.628584533797,0.336925427307773,-4.83366466820367,1.34042303763549e-06,0.000294893068279808,TRUE,0,0
"p__Firmicutes","p__Firmicutes;g__Bacillus",-1.07295974148263,0.227085015624741,-4.72492532600963,2.30199930561339e-06,0.000506439847234947,TRUE,0,0
"p__Firmicutes","p__Firmicutes;g__Caloramator",0.424387653988007,0.0901285451551217,4.70869304788606,2.49310177091982e-06,0.00054848238960236,TRUE,0,0
"p__Proteobacteria","p__Proteobacteria;g__Buttiauxella",-0.845221393516884,0.185985808410564,-4.54454778426457,5.50533177314832e-06,0.00121117299009263,TRUE,0,0
"p__Firmicutes","p__Firmicutes;g__Megamonas",1.58454535626487,0.351286056052542,4.51069813038028,6.46146174871796e-06,0.00142152158471795,TRUE,0,0
"p__Proteobacteria","p__Proteobacteria;g__Burkholderia",-0.577686191295979,0.130275928678298,-4.434327946512,9.23599447853933e-06,0.00203191878527865,TRUE,0,0
"p__Proteobacteria","p__Proteobacteria;g__Escherichia",-1.23269934684055,0.279831410799023,-4.40515002701353,1.05710690597629e-05,0.00232563519314783,TRUE,0,0
"p__Firmicutes","p__Firmicutes;g__Sarcina",1.80641624608475,0.411329824488099,4.39164908193282,1.12494160232069e-05,0.00247487152510551,TRUE,0,0
"p__Firmicutes","p__Firmicutes;g__Megasphaera",1.85265991291845,0.422352616968455,4.38652405238163,1.15176433989514e-05,0.00253388154776931,TRUE,0,0
"p__Firmicutes","p__Firmicutes;g__Ruminococcus",-1.18447800480905,0.272330833381137,-4.34940836519723,1.36505308554072e-05,0.00300311678818958,TRUE,0,0
"p__Actinobacteria","p__Actinobacteria;g__Micrococcus",0.497271373565317,0.114409928082287,4.34640054320867,1.38389757462798e-05,0.00304457466418157,TRUE,0,0
"p__Proteobacteria","p__Proteobacteria;g__Pasteurella",0.496982779333289,0.120802820921313,4.11399978529481,3.88861795108984e-05,0.00855495949239765,TRUE,0,0
"p__Proteobacteria","p__Proteobacteria;g__Oxalobacter",-1.20647632121305,0.293597212188204,-4.10929079408174,3.96876066901133e-05,0.00873127347182492,TRUE,0,0
"p__Euryarchaeota","p__Euryarchaeota;g__Methanosphaera",1.35175888059039,0.335054757464471,4.03444168594958,5.47322800488797e-05,0.0120411016107535,TRUE,0,0
"p__Firmicutes","p__Firmicutes;g__Coprococcus",-1.29752724650342,0.322199601488158,-4.0270914070361,5.64710832003759e-05,0.0124236383040827,TRUE,0,0
"p__Firmicutes","p__Firmicutes;g__Gemella",0.948019193325726,0.236443317277505,4.00949878491626,6.08477661599521e-05,0.0133865085551895,TRUE,0,0
"p__Bacteroidetes","p__Bacteroidetes;g__Parabacteroides",-1.35185475175632,0.338391997765885,-3.99493711636644,6.4711426376197e-05,0.0142365138027633,TRUE,0,0
"p__Firmicutes","p__Firmicutes;g__Granulicatella",0.909283290062292,0.228110794268292,3.98614757788639,6.71547519721912e-05,0.0147740454338821,TRUE,0,0
"p__Proteobacteria","p__Proteobacteria;g__Pantoea",-0.933525432974631,0.237100641584636,-3.9372539303796,8.24193777328232e-05,0.0181322631012211,TRUE,0,0
"p__Actinobacteria","p__Actinobacteria;g__Rothia",1.06810559273141,0.272078247059817,3.92572947037764,8.64672936648906e-05,0.0190228046062759,TRUE,0,0
"p__Tenericutes","p__Tenericutes;g__Asteroleplasma",-1.31624729173754,0.344591169094492,-3.81973599380489,0.000133594587734582,0.029390809301608,TRUE,0,0
"p__Actinobacteria","p__Actinobacteria;g__Renibacterium",0.657715700503048,0.174555954935204,3.76793619414013,0.000164602759262925,0.0362126070378434,TRUE,0,0
"p__Firmicutes","p__Firmicutes;g__Paenibacillus",-0.660272842797603,0.175279471793465,-3.76697188804639,0.000165239599125278,0.0363527118075612,TRUE,0,0
"p__Proteobacteria","p__Proteobacteria;g__Neisseria",0.73077088058734,0.194256930666955,3.76187803481882,0.000168642285003875,0.0371013027008526,TRUE,0,0
"p__Firmicutes","p__Firmicutes;g__Weissella",1.22080131611911,0.334169385267658,3.65324105061655,0.000258950923779017,0.0569692032313838,FALSE,0,0
"p__Proteobacteria","p__Proteobacteria;g__Balneimonas",0.327110002244209,0.0906752036538159,3.60749123313872,0.000309171981109233,0.0680178358440312,FALSE,0,0
"p__Euryarchaeota","p__Euryarchaeota;g__Methanobrevibacter",-1.44594293771715,0.403039294289253,-3.58759792954436,0.000333738401857596,0.0734224484086712,FALSE,0,0
"p__Tenericutes","p__Tenericutes;g__Holdemania",-0.70662006985331,0.197549087645267,-3.57693410926892,0.000347647759194052,0.0764825070226914,FALSE,0,0
"p__Actinobacteria","p__Actinobacteria;g__Slackia",-1.04166222038581,0.296370952248285,-3.5147244103503,0.000440210561354193,0.0968463234979226,FALSE,0,0
"p__Firmicutes","p__Firmicutes;g__Pontibacillus",-0.445896274803563,0.127086605660913,-3.50860165384606,0.000450469048788863,0.0991031907335498,FALSE,0,0
"p__Firmicutes","p__Firmicutes;g__Macrococcus",0.493016002394359,0.141826820486208,3.47618314155399,0.000508604837348957,0.111893064216771,FALSE,0,0
"p__Firmicutes","p__Firmicutes;g__Peptoniphilus",0.828815817912278,0.239212513094993,3.46476782166971,0.000530689429086216,0.116751674398968,FALSE,0,0
"p__Proteobacteria","p__Proteobacteria;g__Edwardsiella",-0.530984647637765,0.1561104563926,-3.40133940997776,0.000670565143766812,0.147524331628699,FALSE,0,0
"p__Proteobacteria","p__Proteobacteria;g__Succinivibrio",-1.46479907846939,0.431926275458621,-3.39131736524724,0.000695575047531322,0.153026510456891,FALSE,0,0
"p__Firmicutes","p__Firmicutes;g__Dorea",-0.91507611594793,0.275420801237764,-3.32246552125149,0.000892256975732658,0.196296534661185,FALSE,0,0
"p__Actinobacteria","p__Actinobacteria;g__Dermatophilus",0.292565646842118,0.08859029119709,3.30245722063648,0.00095841705925706,0.210851753036553,FALSE,0,0
"p__Actinobacteria","p__Actinobacteria;g__Arthrobacter",0.460116366842513,0.143751694998776,3.20077176722286,0.00137060049426669,0.301532108738672,FALSE,0,0
"p__Bacteroidetes","p__Bacteroidetes;g__Bacteroides",-0.918174352699901,0.288609387373541,-3.18137383213917,0.00146578352787949,0.322472376133488,FALSE,0,0
"p__Proteobacteria","p__Proteobacteria;g__Gallibacterium",0.687961089592636,0.216930538132955,3.17134275106528,0.00151735993880738,0.333819186537623,FALSE,0,0
"p__Firmicutes","p__Firmicutes;g__Peptococcus",-1.20109520777307,0.383516041103592,-3.13179914017897,0.00173738692775416,0.382225124105915,FALSE,0,0
"p__Fusobacteria","p__Fusobacteria;g__Streptobacillus",0.332835128894898,0.107212811589698,3.10443429250465,0.00190643267802412,0.419415189165306,FALSE,0,0
"p__Actinobacteria","p__Actinobacteria;g__Adlercreutzia",-0.862227009245723,0.283146984572422,-3.04515695460351,0.00232558910751176,0.511629603652586,FALSE,0,0
"p__Proteobacteria","p__Proteobacteria;g__Aeromonas",0.408989321859795,0.135887581787851,3.0097623085111,0.00261452208602121,0.575194858924665,FALSE,0,0
"p__Proteobacteria","p__Proteobacteria;g__Rhizobium",-0.350468982844232,0.118708141404841,-2.95235843722796,0.003153566313507,0.693784588971539,FALSE,0,0
"p__Actinobacteria","p__Actinobacteria;g__Kytococcus",0.261483899092936,0.0892289333976142,2.9304832988167,0.00338435185414065,0.744557407910944,FALSE,0,0
"p__Proteobacteria","p__Proteobacteria;g__Methylophaga",-0.314087360202612,0.107333857805376,-2.92626545457942,0.00343058076829695,0.754727769025329,FALSE,0,0
"p__Firmicutes","p__Firmicutes;g__Acidaminococcus",-0.340644236046168,0.116727363094864,-2.91828948255541,0.00351957438413119,0.774306364508863,FALSE,0,0
"p__Actinobacteria","p__Actinobacteria;g__Serinicoccus",0.423767252532508,0.145237579393756,2.91775210177269,0.00352564519997445,0.77564194399438,FALSE,0,0
"p__Firmicutes","p__Firmicutes;g__Exiguobacterium",0.268432205483755,0.0930736575871606,2.88408355750258,0.00392554579027326,0.863620073860118,FALSE,0,0
"p__Actinobacteria","p__Actinobacteria;g__Actinomyces",-0.367778869657301,0.188622048928723,-1.94981907866073,0.0511976867555146,1,FALSE,0,0
"p__Actinobacteria","p__Actinobacteria;g__Alloscardovia",0.148094159551598,0.0925235557371012,1.60061033508479,0.109463251742323,1,FALSE,0,0
"p__Actinobacteria","p__Actinobacteria;g__Arcanobacterium",0.398629986848895,0.159263840164821,2.50295350430051,0.0123161722970168,1,FALSE,0,0
"p__Actinobacteria","p__Actinobacteria;g__Atopobium",0.37443337380958,0.255259612589087,1.46687276538469,0.142410670454994,1,FALSE,0,0
"p__Actinobacteria","p__Actinobacteria;g__Bifidobacterium",0.884332764997458,0.467947917063041,1.88981023902778,0.058783343678632,1,FALSE,0,0
"p__Actinobacteria","p__Actinobacteria;g__Collinsella",-0.628804912548581,0.279125768598339,-2.25276553901202,0.0242739361015865,1,FALSE,0,0
"p__Actinobacteria","p__Actinobacteria;g__Corynebacterium",0.481055790933613,0.217727292347233,2.2094418469432,0.0271439230622733,1,FALSE,0,0
"p__Actinobacteria","p__Actinobacteria;g__Curtobacterium",0.0280219415988078,0.104349618080206,0.268538995296267,0.788284462838577,1,FALSE,0,0
"p__Actinobacteria","p__Actinobacteria;g__Dermacoccus",0.185244322341668,0.116813123826751,1.58581772555291,0.11278066353979,1,FALSE,0,0
"p__Actinobacteria","p__Actinobacteria;g__Eggerthella",-0.151327459766227,0.294442314717864,-0.513946033576152,0.607289721838512,1,FALSE,0,0
"p__Actinobacteria","p__Actinobacteria;g__Gardnerella",0.148653100979942,0.159187548811361,0.933823669564115,0.350394857801877,1,FALSE,0,0
"p__Actinobacteria","p__Actinobacteria;g__Gordonia",0.179650929801351,0.0811538294279813,2.21370859597919,0.0268488312354766,1,FALSE,0,0
"p__Actinobacteria","p__Actinobacteria;g__Kocuria",-0.242256127232539,0.155603223941787,-1.55688372705677,0.119498093673489,1,FALSE,0,0
"p__Actinobacteria","p__Actinobacteria;g__Mobiluncus",0.104013485968187,0.0997793070231634,1.04243544148929,0.297209841997282,1,FALSE,0,0
"p__Actinobacteria","p__Actinobacteria;g__Mycobacterium",0.0916012359803334,0.0990186732869508,0.925090520197922,0.354918823726736,1,FALSE,0,0
"p__Actinobacteria","p__Actinobacteria;g__Parascardovia",-0.0690199372257405,0.123593331145953,-0.558443862510947,0.576541328162034,1,FALSE,0,0
"p__Actinobacteria","p__Actinobacteria;g__Scardovia",-0.160167733488124,0.141153597248997,-1.13470528990902,0.256498820150884,1,FALSE,0,0
"p__Actinobacteria","p__Actinobacteria;g__Streptomyces",0.290592566649006,0.103891161681312,2.79708650809397,0.00515657244749685,1,FALSE,0,0
"p__Actinobacteria","p__Actinobacteria;g__Varibaculum",0.249138033702603,0.203778985522751,1.2225894297368,0.221484807494489,1,FALSE,0,0
"p__Bacteroidetes","p__Bacteroidetes;g__Dysgonomonas",-0.219828402424489,0.134402673238407,-1.63559546196341,0.10192428076557,1,FALSE,0,0
"p__Bacteroidetes","p__Bacteroidetes;g__Paludibacter",-0.286959561678942,0.171748835313816,-1.67080936039312,0.0947593390790881,1,FALSE,0,0
"p__Bacteroidetes","p__Bacteroidetes;g__Porphyromonas",-0.198549741307415,0.227143554166206,-0.874115675596639,0.382055261599231,1,FALSE,0,0
"p__Bacteroidetes","p__Bacteroidetes;g__Prevotella",0.146600477568711,0.313139547223182,0.468163407875868,0.639667737752394,1,FALSE,0,0
"p__Bacteroidetes","p__Bacteroidetes;g__Sphingobacterium",-0.013861570618822,0.106624089813347,-0.130004116734667,0.896563169651318,1,FALSE,0,0
"p__Bacteroidetes","p__Bacteroidetes;g__Tannerella",-0.208218692615504,0.125804320648898,-1.6550996940448,0.0979042769496943,1,FALSE,0,0
"p__Firmicutes","p__Firmicutes;g__Abiotrophia",0.216623822513887,0.140780852658291,1.53873071815871,0.123870049811973,1,FALSE,0,0
"p__Firmicutes","p__Firmicutes;g__Acetivibrio",0.0230970169876406,0.0809276258542832,0.285403368056647,0.775335127463149,1,FALSE,0,0
"p__Firmicutes","p__Firmicutes;g__Aerococcus",-0.000687506963860801,0.11778378546719,-0.00583702553907403,0.995342753887445,1,FALSE,0,0
"p__Firmicutes","p__Firmicutes;g__Anaerobacillus",0.0610622940204149,0.191931526453927,0.318146242822035,0.750374007749695,1,FALSE,0,0
"p__Firmicutes","p__Firmicutes;g__Anaerofustis",-0.20430407443726,0.107139584188833,-1.90689627913037,0.0565340201166214,1,FALSE,0,0
"p__Firmicutes","p__Firmicutes;g__Anaerostipes",0.483766567268311,0.258998330316995,1.86783662534124,0.0617848466547294,1,FALSE,0,0
"p__Firmicutes","p__Firmicutes;g__Anaerotruncus",-0.0943598225489988,0.123387110368458,-0.764746189996846,0.444422695602187,1,FALSE,0,0
"p__Firmicutes","p__Firmicutes;g__Anoxybacillus",0.00486584042018662,0.0818175475198063,0.0594718439709856,0.952576291027302,1,FALSE,0,0
"p__Firmicutes","p__Firmicutes;g__Bacteroides",0.394673392998255,0.293904545217164,1.34286250219994,0.179316500340238,1,FALSE,0,0
"p__Firmicutes","p__Firmicutes;g__Blautia",-0.683389763206243,0.27604542340036,-2.47564243155408,0.0132996701433289,1,FALSE,0,0
"p__Firmicutes","p__Firmicutes;g__Butyrivibrio",-0.378679641157385,0.28734439115542,-1.31785986716046,0.187550562553459,1,FALSE,0,0
"p__Firmicutes","p__Firmicutes;g__Carnobacterium",-0.208097297022079,0.248534591879515,-0.837297116060854,0.402425579925423,1,FALSE,0,0
"p__Firmicutes","p__Firmicutes;g__Clostridium",-0.155108916779383,0.218183564081706,-0.710910179839659,0.477139897350235,1,FALSE,0,0
"p__Firmicutes","p__Firmicutes;g__Dehalobacterium",-0.0274491998663151,0.229780597212976,-0.11945830152436,0.904912273979029,1,FALSE,0,0
"p__Firmicutes","p__Firmicutes;g__Desulfitobacterium",-0.0756536235771887,0.104574408994523,-0.723442994367303,0.469407764777734,1,FALSE,0,0
"p__Firmicutes","p__Firmicutes;g__Desulfosporosinus",0.126574035877983,0.0868223980754949,1.45785003275218,0.144881883939482,1,FALSE,0,0
"p__Firmicutes","p__Firmicutes;g__Dialister",-0.53735954076728,0.342936151810796,-1.56693757111892,0.117129284601659,1,FALSE,0,0
"p__Firmicutes","p__Firmicutes;g__Enterococcus",-0.974973123770352,0.369604425518123,-2.63788271042373,0.00834254307863773,1,FALSE,0,0
"p__Firmicutes","p__Firmicutes;g__Epulopiscium",0.249310213162873,0.15470041240573,1.61156786388528,0.107056008443767,1,FALSE,0,0
"p__Firmicutes","p__Firmicutes;g__Eubacterium",-0.641659305479044,0.29032904361157,-2.21011062998408,0.0270974853027279,1,FALSE,0,0
"p__Firmicutes","p__Firmicutes;g__Facklamia",0.0413930001989143,0.160437519829536,0.258000748471394,0.796406329579571,1,FALSE,0,0
"p__Firmicutes","p__Firmicutes;g__Faecalibacterium",-0.359883275918598,0.28752233389789,-1.25167068255089,0.210689887152142,1,FALSE,0,0
"p__Firmicutes","p__Firmicutes;g__Kurthia",-0.43119081429142,0.189112138732017,-2.28008004765068,0.0226029413506216,1,FALSE,0,0
"p__Firmicutes","p__Firmicutes;g__Lachnobacterium",-0.643986950604982,0.330870450068591,-1.94634168893438,0.0516137089776455,1,FALSE,0,0
"p__Firmicutes","p__Firmicutes;g__Lachnospira",-0.539567167594692,0.339414367201305,-1.58970043620657,0.111902345320902,1,FALSE,0,0
"p__Firmicutes","p__Firmicutes;g__Lentibacillus",0.263500325972933,0.146766735021199,1.79536818022744,0.0725950586926272,1,FALSE,0,0
"p__Firmicutes","p__Firmicutes;g__Leuconostoc",-0.386648711251905,0.296005266601723,-1.3062224050633,0.191476935685572,1,FALSE,0,0
"p__Firmicutes","p__Firmicutes;g__Listeria",0.0315684469404229,0.108625772961518,0.290616545961025,0.771344604169867,1,FALSE,0,0
"p__Firmicutes","p__Firmicutes;g__Melissococcus",-0.272106343830392,0.217271550489062,-1.25237907686442,0.210431766688787,1,FALSE,0,0
"p__Firmicutes","p__Firmicutes;g__Mogibacterium",0.317846847238238,0.183114798687524,1.73577913700262,0.0826028944072703,1,FALSE,0,0
"p__Firmicutes","p__Firmicutes;g__Moryella",0.32647497098379,0.182997622681241,1.78403941100627,0.0744172613654664,1,FALSE,0,0
"p__Firmicutes","p__Firmicutes;g__Natronobacillus",0.158330852361982,0.0827267629568831,1.9139012177293,0.0556327787862172,1,FALSE,0,0
"p__Firmicutes","p__Firmicutes;g__Oribacterium",-0.0354914530317143,0.174621031582588,-0.203248444417352,0.838940849783788,1,FALSE,0,0
"p__Firmicutes","p__Firmicutes;g__Peptostreptococcus",0.13002784991425,0.214440412121367,0.606358888364092,0.544276462061015,1,FALSE,0,0
"p__Firmicutes","p__Firmicutes;g__Phascolarctobacterium",-0.0507607256920231,0.266422989162586,-0.190526822972646,0.848896326437067,1,FALSE,0,0
"p__Firmicutes","p__Firmicutes;g__Pseudobutyrivibrio",-0.676827911737334,0.284576791567862,-2.37836651403785,0.017389531779404,1,FALSE,0,0
"p__Firmicutes","p__Firmicutes;g__Roseburia",-0.497374665533233,0.3473326797902,-1.43198349730196,0.152148544261293,1,FALSE,0,0
"p__Firmicutes","p__Firmicutes;g__Rummeliibacillus",-0.292368301810068,0.13978063293414,-2.09162239197916,0.0364723078406954,1,FALSE,0,0
"p__Firmicutes","p__Firmicutes;g__Salinicoccus",-0.0792844640678387,0.152808964823217,-0.518846941732521,0.603867480244584,1,FALSE,0,0
"p__Firmicutes","p__Firmicutes;g__Selenomonas",0.939900790381858,0.379047232719781,2.479640290836,0.0131514982517434,1,FALSE,0,0
"p__Firmicutes","p__Firmicutes;g__Shuttleworthia",-0.215473249292315,0.116334008608169,-1.85219482995779,0.0639978509255268,1,FALSE,0,0
"p__Firmicutes","p__Firmicutes;g__Sporosarcina",0.148249821178284,0.105564590684083,1.40435178327876,0.160214121307659,1,FALSE,0,0
"p__Firmicutes","p__Firmicutes;g__Staphylococcus",0.184115836885159,0.306871436579189,0.599977107473953,0.548521492310728,1,FALSE,0,0
"p__Firmicutes","p__Firmicutes;g__Terribacillus",-0.137189983084584,0.0962483631748415,-1.42537471349377,0.154048913480415,1,FALSE,0,0
"p__Firmicutes","p__Firmicutes;g__Tetragenococcus",0.0452580659877326,0.150375368112503,0.300967283111639,0.763439442793133,1,FALSE,0,0
"p__Firmicutes","p__Firmicutes;g__Trichococcus",-0.301380809151319,0.14952434149553,-2.01559696660044,0.0438421372420812,1,FALSE,0,0
"p__Firmicutes","p__Firmicutes;g__Vagococcus",-0.873431509529207,0.313714633196304,-2.78415928715275,0.0053666671404468,1,FALSE,0,0
"p__Firmicutes","p__Firmicutes;g__Virgibacillus",0.0707853644096686,0.0942607830816686,0.750952433191006,0.452681283098634,1,FALSE,0,0
"p__Fusobacteria","p__Fusobacteria;g__Cetobacterium",-0.143760229416662,0.294143762774295,-0.488741382991599,0.625024801825832,1,FALSE,0,0
"p__Fusobacteria","p__Fusobacteria;g__Fusobacterium",0.776975760254368,0.285978516469962,2.71690254864294,0.00658960069574617,1,FALSE,0,0
"p__Fusobacteria","p__Fusobacteria;g__Sneathia",0.0467026707022702,0.226618011421017,0.206085431645169,0.836724178382092,1,FALSE,0,0
"p__Proteobacteria","p__Proteobacteria;g__Acidovorax",-0.215867791596697,0.133288626158354,-1.61955147876035,0.105328659729036,1,FALSE,0,0
"p__Proteobacteria","p__Proteobacteria;g__Aggregatibacter",0.173407579040175,0.245828878753833,0.705399544265186,0.480561627544972,1,FALSE,0,0
"p__Proteobacteria","p__Proteobacteria;g__Alkalimonas",-0.33176684554954,0.192747082882997,-1.72125482049932,0.0852045939229562,1,FALSE,0,0
"p__Proteobacteria","p__Proteobacteria;g__Aquamonas",0.0842270701604292,0.152035578083045,0.553995789817186,0.579581727081578,1,FALSE,0,0
"p__Proteobacteria","p__Proteobacteria;g__Averyella",-0.0147522182224846,0.0972501621951131,-0.151693507645645,0.879428678060917,1,FALSE,0,0
"p__Proteobacteria","p__Proteobacteria;g__Azohydromonas",0.158534820163473,0.0798340824057188,1.9858037493034,0.0470551193009887,1,FALSE,0,0
"p__Proteobacteria","p__Proteobacteria;g__Brachymonas",0.176532867006934,0.0949797460831482,1.85863696511035,0.0630786138096019,1,FALSE,0,0
"p__Proteobacteria","p__Proteobacteria;g__Brenneria",-0.00200294706967379,0.098589028874124,-0.0203161253594566,0.983791192265279,1,FALSE,0,0
"p__Proteobacteria","p__Proteobacteria;g__Campylobacter",0.92728604233533,0.40816122315625,2.27186217045501,0.0230948363957711,1,FALSE,0,0
"p__Proteobacteria","p__Proteobacteria;g__Cardiobacterium",0.162412230121283,0.100807065973324,1.61111950390721,0.107153678093101,1,FALSE,0,0
"p__Proteobacteria","p__Proteobacteria;g__Collimonas",0.126133328789795,0.0730872810881373,1.7257904099304,0.0843851257488428,1,FALSE,0,0
"p__Proteobacteria","p__Proteobacteria;g__Comamonas",-0.380546069495443,0.160732819195694,-2.36756918344177,0.0179053720438272,1,FALSE,0,0
"p__Proteobacteria","p__Proteobacteria;g__Cronobacter",-0.15969370619204,0.186761277659066,-0.855068610547643,0.392513165721322,1,FALSE,0,0
"p__Proteobacteria","p__Proteobacteria;g__Eikenella",-0.0677290588703489,0.109948236490867,-0.616008596699727,0.537888846009913,1,FALSE,0,0
"p__Proteobacteria","p__Proteobacteria;g__Enterobacter",0.0265723724882827,0.118997314527312,0.223302287062822,0.82330024738628,1,FALSE,0,0
"p__Proteobacteria","p__Proteobacteria;g__Ewingella",0.0389967984740976,0.109956905977914,0.354655290882144,0.722847849014018,1,FALSE,0,0
"p__Proteobacteria","p__Proteobacteria;g__Gallionella",-0.213779934641393,0.0956277160261961,-2.23554366375153,0.0253816784034016,1,FALSE,0,0
"p__Proteobacteria","p__Proteobacteria;g__Helicobacter",-0.665241765613269,0.359572038217253,-1.85009315215809,0.064300124750907,1,FALSE,0,0
"p__Proteobacteria","p__Proteobacteria;g__Herbaspirillum",-0.0373939620484716,0.102582475099371,-0.364525831651541,0.715465387894425,1,FALSE,0,0
"p__Proteobacteria","p__Proteobacteria;g__Histophilus",0.182564611854495,0.114183733855755,1.59886706879917,0.109850142624742,1,FALSE,0,0
"p__Proteobacteria","p__Proteobacteria;g__Hylemonella",-0.802125657718976,0.288053179902644,-2.78464434237483,0.00535864644826634,1,FALSE,0,0
"p__Proteobacteria","p__Proteobacteria;g__Ideonella",-0.0851717364395329,0.118064660692386,-0.721399070137042,0.47066401854611,1,FALSE,0,0
"p__Proteobacteria","p__Proteobacteria;g__Janthinobacterium",0.0453662071319728,0.0998447078139794,0.454367668805186,0.649564218734372,1,FALSE,0,0
"p__Proteobacteria","p__Proteobacteria;g__Kaistobacter",0.0667870622316868,0.110904646400034,0.602202562287476,0.547039310311163,1,FALSE,0,0
"p__Proteobacteria","p__Proteobacteria;g__Kingella",0.255319227731976,0.107614254990767,2.37254095894528,0.0176662042954091,1,FALSE,0,0
"p__Proteobacteria","p__Proteobacteria;g__Lautropia",-0.144138475064081,0.158234559263265,-0.910916526296056,0.362339357314137,1,FALSE,0,0
"p__Proteobacteria","p__Proteobacteria;g__Leclercia",-0.351429873452688,0.146810775923737,-2.39376075251617,0.0166766228012893,1,FALSE,0,0
"p__Proteobacteria","p__Proteobacteria;g__Limnobacter",0.115406023337135,0.128165028146635,0.900448624761337,0.367881554029662,1,FALSE,0,0
"p__Proteobacteria","p__Proteobacteria;g__Limnohabitans",-0.217338463220094,0.131812129911306,-1.64885024895915,0.0991783176216909,1,FALSE,0,0
"p__Proteobacteria","p__Proteobacteria;g__Massilia",0.173461011876562,0.107923898114093,1.60725302650934,0.107998874097036,1,FALSE,0,0
"p__Proteobacteria","p__Proteobacteria;g__Methylibium",-0.278943713082539,0.106411421608693,-2.62137004529738,0.00875771443891665,1,FALSE,0,0
"p__Proteobacteria","p__Proteobacteria;g__Methylobacillus",-0.0254338992718401,0.0928240212572875,-0.274001265268857,0.784083649312919,1,FALSE,0,0
"p__Proteobacteria","p__Proteobacteria;g__Methylobacterium",-0.19801258336499,0.110930931673868,-1.78500784566687,0.074260044295965,1,FALSE,0,0
"p__Proteobacteria","p__Proteobacteria;g__Methyloversatilis",-0.318494265176335,0.136954547520495,-2.32554720483943,0.0200427188667452,1,FALSE,0,0
"p__Proteobacteria","p__Proteobacteria;g__Morganella",-0.507981062416369,0.224261983536551,-2.26512338117074,0.023505109198782,1,FALSE,0,0
"p__Proteobacteria","p__Proteobacteria;g__Nitrosomonas",-0.101915942307881,0.110595987433212,-0.921515731928587,0.356781231563709,1,FALSE,0,0
"p__Proteobacteria","p__Proteobacteria;g__Oceanimonas",0.0210357039112372,0.0927761633485192,0.226736083407711,0.820628967223323,1,FALSE,0,0
"p__Proteobacteria","p__Proteobacteria;g__Paracoccus",0.155591093105696,0.0828344434649342,1.87833812357974,0.0603349243762522,1,FALSE,0,0
"p__Proteobacteria","p__Proteobacteria;g__Plesiomonas",-0.175025855969652,0.189398053041756,-0.924116447654635,0.355425690716215,1,FALSE,0,0
"p__Proteobacteria","p__Proteobacteria;g__Proteus",-0.122688502297053,0.152605325952998,-0.803959504891991,0.421420362425815,1,FALSE,0,0
"p__Proteobacteria","p__Proteobacteria;g__Providencia",-0.157744557819975,0.0947571348505234,-1.66472485759318,0.0959676613498531,1,FALSE,0,0
"p__Proteobacteria","p__Proteobacteria;g__Pseudoalteromonas",0.0970048709787452,0.0893890512707577,1.08519857409516,0.277833715623244,1,FALSE,0,0
"p__Proteobacteria","p__Proteobacteria;g__Rahnella",0.0359478001690523,0.142753344520283,0.251817568897272,0.80118207681911,1,FALSE,0,0
"p__Proteobacteria","p__Proteobacteria;g__Ramlibacter",-0.21408259184763,0.123162700343795,-1.73820963043229,0.0821738828011233,1,FALSE,0,0
"p__Proteobacteria","p__Proteobacteria;g__Raoultella",-0.288645371903159,0.179360025986326,-1.60930714809979,0.107549196851935,1,FALSE,0,0
"p__Proteobacteria","p__Proteobacteria;g__Rhodocyclus",-0.358450874126195,0.149320702465709,-2.40054371702753,0.0163707351576837,1,FALSE,0,0
"p__Proteobacteria","p__Proteobacteria;g__Rhodoplanes",0.0906144944564721,0.0934120049012704,0.970051917333805,0.332020614308222,1,FALSE,0,0
"p__Proteobacteria","p__Proteobacteria;g__Schlegelella",0.0209841380782535,0.166879809176699,0.125744020093136,0.899934555398131,1,FALSE,0,0
"p__Proteobacteria","p__Proteobacteria;g__Serratia",-0.933276914056001,0.335973874576666,-2.777825850989,0.00547239392613634,1,FALSE,0,0
"p__Proteobacteria","p__Proteobacteria;g__Shewanella",-0.0320982162928303,0.0780024067081099,-0.411502896480411,0.680703817814677,1,FALSE,0,0
"p__Proteobacteria","p__Proteobacteria;g__Sodalis",0.0710670910502721,0.0778815053436124,0.912502791731166,0.361504100593021,1,FALSE,0,0
"p__Proteobacteria","p__Proteobacteria;g__Sutterella",-0.623884913138046,0.304533021235203,-2.04866096493423,0.0404952787279823,1,FALSE,0,0
"p__Proteobacteria","p__Proteobacteria;g__Thauera",0.0757642599909251,0.0825542408682432,0.917751277149349,0.358749095587697,1,FALSE,0,0
"p__Proteobacteria","p__Proteobacteria;g__Thiomonas",-0.461632179973022,0.215583763854934,-2.1413123684196,0.0322488563719735,1,FALSE,0,0
"p__Proteobacteria","p__Proteobacteria;g__Thiothrix",-0.00909500266519164,0.121498127505697,-0.0748571426729617,0.94032837602974,1,FALSE,0,0
"p__Proteobacteria","p__Proteobacteria;g__Tolumonas",0.186433326706091,0.172595937014787,1.08017216355515,0.280065521669126,1,FALSE,0,0
"p__Proteobacteria","p__Proteobacteria;g__Vogesella",0.0268359922205518,0.09012807373677,0.297753975070294,0.765890944581322,1,FALSE,0,0
"p__Proteobacteria","p__Proteobacteria;g__Xenorhabdus",-0.157717489572052,0.108089814140022,-1.45913369198453,0.144528314633688,1,FALSE,0,0
"p__Proteobacteria","p__Proteobacteria;g__Yersinia",-0.305114204811131,0.11356126670554,-2.68678056931402,0.00721443299158485,1,FALSE,0,0
"p__Spirochaetes","p__Spirochaetes;g__Treponema",0.840152092067461,0.39822678046084,2.10973277863235,0.0348813794338176,1,FALSE,0,0
"p__Tenericutes","p__Tenericutes;g__Bulleidia",0.359201122834294,0.403392151533652,0.890451441528178,0.373223531075796,1,FALSE,0,0
"p__Tenericutes","p__Tenericutes;g__Clostridium",-0.654545078083379,0.339273619285627,-1.92925426816734,0.053699304061533,1,FALSE,0,0
"p__Tenericutes","p__Tenericutes;g__Coprobacillus",-0.420733833027303,0.157616439165472,-2.66935248159997,0.0075997648833603,1,FALSE,0,0
"p__Tenericutes","p__Tenericutes;g__RFN20",0.469433368476305,0.289139412990511,1.62355371625421,0.104471090268934,1,FALSE,0,0
"p__Tenericutes","p__Tenericutes;g__Sharpea",0.0768937367066985,0.0771660954227659,0.996470487270669,0.31902159970193,1,FALSE,0,0
"p__Tenericutes","p__Tenericutes;g__Ureaplasma",0.234837818808572,0.0875758010382605,2.68153777669673,0.00732846396385476,1,FALSE,0,0
"p__Verrucomicrobia","p__Verrucomicrobia;g__Akkermansia",-0.752322693325604,0.334800292216084,-2.24707896264334,0.0246349811385114,1,FALSE,0,0
