taxon,mean.difference (grp1 - grp2),se,effect.size (grp1 - grp2),p.val,q.val,diff.abn
taxon1,0.0963206712073294,0.14426874762011074,0.667647517541093,0.5043586183257556,1,FALSE
taxon2,0.08548979269483536,0.13694461245201694,0.624265468820758,0.5324532576565635,1,FALSE
taxon3,-0.07889946601411435,0.13086227925327845,-0.6029198518039545,0.5465620089015306,1,FALSE
taxon4,-1.2662573063995883,0.16532445160204984,-7.659225807974119,1.8705725474802624e-14,7.818993248467497e-12,TRUE
taxon5,-1.1806887314123262,0,Inf,0,0,TRUE
taxon6,-0.3955359282694968,0.14578277926217653,-2.7131869091215695,0.006663950754317019,1,FALSE
taxon7,-0.3402161331486844,0.1727571853834051,-1.9693313038970433,0.04891505869615296,1,FALSE
taxon8,-0.21571295566192594,0.10984692842413557,-1.9637595584741856,0.04955798206203457,1,FALSE
taxon9,1.2490088299791078,0.1351163341234629,9.243951429571961,2.375584472368627e-20,9.92994309450086e-18,TRUE
taxon10,-0.009200372470983542,0.1428853012018518,-0.06438991550282923,0.9486597596276268,1,FALSE
taxon11,-1.0411532848514842,0,Inf,0,0,TRUE
taxon12,-0.9500687405900338,0,Inf,0,0,TRUE
taxon13,-0.10888602559493066,0.12121930887227518,-0.8982564461711319,0.3690488465207687,1,FALSE
taxon14,-0.07522342900761803,0.1244537051544287,-0.6044290036546267,0.545558457626224,1,FALSE
taxon15,-0.2678416966616939,0.15404706171028898,-1.7387004574317333,0.0820874655414857,1,FALSE
taxon16,0.08168548631624678,0.09528198308050256,0.8573025421525046,0.3912777039477743,1,FALSE
taxon17,-0.22571825451512673,0.12998439462590722,-1.7365027176126786,0.08247498426700114,1,FALSE
taxon18,0.001841978898572183,0.2650189719094566,0.006950366176809004,0.9944544547842877,1,FALSE
taxon19,0.08345502988613934,0.12144858024224552,0.687163486964418,0.49197971068117996,1,FALSE
taxon20,-1.8453456093341294,0,Inf,0,0,TRUE
taxon21,-5.32475857552622,0,Inf,0,0,TRUE
taxon22,0.12374881897395701,0.12273922558271814,1.0082255154083442,0.31334621135515506,1,FALSE
taxon23,-0.35529822588012583,0.1188328389699492,-2.9898993322037413,0.0027906940264619006,1,FALSE
taxon24,-0.04473026509661571,0.1102875195367615,-0.40557866642114504,0.6850522065673329,1,FALSE
taxon25,-1.1221680506585867,0,Inf,0,0,TRUE
taxon26,0.06749390030715474,0.10528426128110244,0.6410635311098419,0.5214814071151884,1,FALSE
taxon27,0.06745433178400528,0.10386011866555157,0.6494728934522064,0.5160327616214873,1,FALSE
taxon28,0.11119690796161003,0.12755497037360145,0.8717567620918294,0.38334108707385633,1,FALSE
taxon29,-0.958447344319618,0.1004613121468521,-9.540462132513072,1.4219723002019203e-21,5.943844214844027e-19,TRUE
taxon30,-0.664485275062582,0,Inf,0,0,TRUE
taxon31,0.041726768562549144,0.12366380518487205,0.33742103035054943,0.7357995333364271,1,FALSE
taxon32,-0.8976104596983554,0,Inf,0,0,TRUE
taxon33,-1.0510733563153387,0,Inf,0,0,TRUE
taxon34,0.005897566129644427,0.1279205990578659,0.046103334201684096,0.9632278885274352,1,FALSE
taxon35,-1.7177249436262407,0,Inf,0,0,TRUE
taxon36,-0.2764598172766404,0.12316163620157412,-2.244691007710946,0.024787975723215595,1,FALSE
taxon37,0.028037885086072967,0.15424796324532672,0.18177150930336472,0.8557620442882607,1,FALSE
taxon38,-0.9316447833382097,0,Inf,0,0,TRUE
taxon39,-1.6637610159989578,0,Inf,0,0,TRUE
taxon40,-0.01478562456575705,0.13588651206506686,-0.10880862523483725,0.9133542824929918,1,FALSE
taxon41,1.1153918153555422,0.17187908359099321,6.489398198152779,8.617991506108268e-11,3.602320449553256e-8,TRUE
taxon42,-0.07012946685833166,0.1458450832872845,-0.4808490302013897,0.6306238003971777,1,FALSE
taxon43,-1.7049915813338008,0,Inf,0,0,TRUE
taxon44,0.22380529446674635,0.12021331545067658,1.8617346475114354,0.062640502279744,1,FALSE
taxon45,-0.10196297441194202,0.10526563633848367,-0.9686254504183884,0.33273210040580725,1,FALSE
taxon46,-0.07488044957718132,0.14948269371708967,-0.5009305606901877,0.6164199936502258,1,FALSE
taxon47,0.3744469074471575,0.12914468060484702,2.899437326364829,0.003738330734784345,1,FALSE
taxon48,-0.8304135986988566,0,Inf,0,0,TRUE
taxon49,-1.7580058487820847,0,Inf,0,0,TRUE
taxon50,-1.7312734933459433,0,Inf,0,0,TRUE
taxon51,0.08294906402372298,0.11987239408215809,0.6919780376361833,0.4889511213460667,1,FALSE
taxon52,-0.15055387260082842,0.13535417108292297,-1.112295774827608,0.26601099993924066,1,FALSE
taxon53,-0.15353715764646902,0.12909338076778618,-1.189349575735819,0.23430213439006944,1,FALSE
taxon54,0.21888601698017357,0.10882539328549508,2.011350571515445,0.04428844034283835,1,FALSE
taxon55,0.15017594160607212,0.1148315114615646,1.3077938250106347,0.19094324921728095,1,FALSE
taxon56,-0.9604337085279329,0,Inf,0,0,TRUE
taxon57,-0.029374349819333068,0.11237796911533227,-0.26138886518928367,0.7937926429366873,1,FALSE
taxon58,0.33488944844902424,0.10340509351624437,3.238616561924147,0.0012011093017525805,0.5020636881325786,FALSE
taxon59,-0.2771934081438001,0.12862011282245517,-2.155132677627431,0.031151453236200728,1,FALSE
taxon60,0.10977761115593831,0.12041674171654677,0.911647413732118,0.3619543544818692,1,FALSE
taxon61,-5.050889772693165,0,Inf,0,0,TRUE
taxon62,0.039083351392938614,0.1238661723940167,0.31552885374236783,0.7523601469639665,1,FALSE
taxon63,0.11904911033870225,0.12749177281606727,0.9337787663401208,0.3504180247331584,1,FALSE
taxon64,-0.17629892115218537,0.13422480937479334,-1.3134600225797997,0.18902798341936586,1,FALSE
taxon65,0.04796570915833409,0.13764528977459423,0.3484733058202136,0.7274847578782748,1,FALSE
taxon66,0.28436589887119,0.108431775841272,2.6225328937474877,0.00872788421638014,1,FALSE
taxon67,-0.2406635166575839,0.13423283371370603,-1.7928811453900686,0.07299193077489574,1,FALSE
taxon68,-0.5193901632648702,0.11757424719914596,-4.417550404427705,9.982579596685469e-6,0.004172718271414526,TRUE
taxon69,0.21063616701061205,0.11032461296076447,1.909240026842624,0.0562311349555931,1,FALSE
taxon70,-0.2746614810508152,0.13564108087960433,-2.0249136859548185,0.04287622803102688,1,FALSE
taxon71,0.07441367862695941,0.11690591098898341,0.636526228635024,0.5244334911022573,1,FALSE
taxon72,-0.17402553244896957,0.13334992170857363,-1.3050291310203352,0.19188292850402172,1,FALSE
taxon73,0.2563850375987635,0.1159110944251185,2.211911110583075,0.026972807410908867,1,FALSE
taxon74,0.05924642248644052,0.1263379444704186,0.4689519267927679,0.6391039984693931,1,FALSE
taxon75,0.12900499240891572,0.11654682356396011,1.1068941088567605,0.2683397132317503,1,FALSE
taxon76,-0.07784234387014044,0.10897802862012267,-0.7142939256268299,0.4750454475646758,1,FALSE
taxon77,-0.6724774973961227,0.10991061590874646,-6.118403503028759,9.451748943345451e-10,3.950831058318399e-7,TRUE
taxon78,-0.09203059413058357,0.1063859886706761,-0.8650631091606389,0.38700415136048094,1,FALSE
taxon79,-0.042537955839741404,0.12903435301124827,-0.32966380539012935,0.7416540053080691,1,FALSE
taxon80,-5.323323815324547,0,Inf,0,0,TRUE
taxon81,0.043689819156822296,0.12325197643421436,0.35447560697042213,0.7229824816128934,1,FALSE
taxon82,-0.8877110549733898,0.11749498306650219,-7.55531029329946,4.1786245772510354e-14,1.7466650732909327e-11,TRUE
taxon83,1.1706386063281016,0.1636703352875512,7.152417719872176,8.526263954958028e-13,3.5639783331724554e-10,TRUE
taxon84,0.048725448825948814,0.12794497024649207,0.3808312959241533,0.7033284352632259,1,FALSE
taxon85,-0.17711800601552374,0.1334900280018105,-1.3268257462132043,0.18456633164479092,1,FALSE
taxon86,0.274894300686537,0.13526155665729334,2.032316553793813,0.04212161969192171,1,FALSE
taxon87,0.863173044992718,0.16572451774660366,5.208481259921529,1.9039257623031157e-7,7.958409686427023e-5,TRUE
taxon88,0.21391615096670735,0.1357436010071387,1.5758838676709157,0.11505256948113154,1,FALSE
taxon89,0.02537961434568714,0.08031469730410581,0.3160021166435959,0.7520009015465994,1,FALSE
taxon90,-0.1447318753943303,0.11611946670126226,-1.2464049268042066,0.21261577340447294,1,FALSE
taxon91,-0.9374866302230221,0,Inf,0,0,TRUE
taxon92,0.037387594944446156,0.10829106327836677,0.345250972818872,0.7299057011034609,1,FALSE
taxon93,-1.0249312087140983,0.10421677061332905,-9.834609177412107,7.987713918940829e-23,3.338864418117266e-20,TRUE
taxon94,-1.6888726551871664,0,Inf,0,0,TRUE
taxon95,1.4048112571404532,0.15229401176069193,9.224336800240783,2.853210433450477e-20,1.1926419611822995e-17,TRUE
taxon96,-0.5351553554999156,0.10446705818982684,-5.1227187284960785,3.011614269906175e-7,1.258854764820781e-4,TRUE
taxon97,0.06608154649956993,0.08902263054633439,0.7423005374479009,0.4579052662709911,1,FALSE
taxon98,-0.14911249260190806,0.12129050130540049,-1.2293831008782283,0.21892820323280776,1,FALSE
taxon99,-0.04690061219859509,0.12714861314831202,-0.3688645203222787,0.7122287100558822,1,FALSE
taxon100,-0.14755691145414973,0.15766334129694218,-0.9358986701686217,0.3493253619550008,1,FALSE
taxon101,-0.6482850236995146,0.1360614577948565,-4.764648521383265,1.8918312701538256e-6,7.907854709242991e-4,TRUE
taxon102,0.0901066731941279,0.1286400865722599,0.7004556324168287,0.483642803799455,1,FALSE
taxon103,0.12544531781657864,0.1138405923289238,1.1019383793623005,0.27048846184628245,1,FALSE
taxon104,-0.43281686599878233,0.16409081196599395,-2.6376666725768834,0.008347859150222119,1,FALSE
taxon105,-0.12271061303090403,0.12817413407011374,-0.9573742309332001,0.33837840026886806,1,FALSE
taxon106,0.11281714132893539,0.12705017835651936,0.8879731047079351,0.3745552187404925,1,FALSE
taxon107,0.21856650586108545,0.1162357002437752,1.8803732880921873,0.060057221407182365,1,FALSE
taxon108,-0.11926813297350808,0.10091880808334448,-1.1818226477170606,0.2372760794774037,1,FALSE
taxon109,-0.39224849890757385,0.15960433611122113,-2.4576305911528205,0.01398569520124237,1,FALSE
taxon110,-1.0812450729604783,0,Inf,0,0,TRUE
taxon111,-2.0025475531522976,0.1614981343370455,-12.399818495568468,2.619161893813959e-35,1.0948096716142349e-32,TRUE
taxon112,0.20306731269965117,0.14223377238928844,1.4277010957978646,0.15337791064353168,1,FALSE
taxon113,0.016133866717340017,0.10214508570109694,0.1579504937178466,0.8744958091878244,1,FALSE
taxon114,0.35489843944818295,0.14647525845744652,2.4229241387635905,0.015396141405950341,1,FALSE
taxon115,0.45744353624096046,0.13443562981304427,3.4026956758198246,6.67245563747649e-4,0.2789086456465173,FALSE
taxon116,-0.13897592945164583,0.14749647021373727,-0.9422322395258387,0.3460737513565092,1,FALSE
taxon117,-0.28357610870563155,0.15327673244227086,-1.8500923407434706,0.06430024167982781,1,FALSE
taxon118,0.009291122785710648,0.11744047620368879,0.07911346314362795,0.9369423750389784,1,FALSE
taxon119,-1.047190031376079,0,Inf,0,0,TRUE
taxon120,-0.28917522506514104,0.12417560796447955,-2.32876029202015,0.019871768073741337,1,FALSE
taxon121,-5.362396117661807,0,Inf,0,0,TRUE
taxon122,0.07354885521857896,0.10801822736943181,0.6808930030580433,0.4959391957565626,1,FALSE
taxon123,-1.0500286249874224,0,Inf,0,0,TRUE
taxon124,-0.9447669208864082,0,Inf,0,0,TRUE
taxon125,-0.4176231540814509,0.13780149982032527,-3.0306139964076997,0.002440570379408372,1,FALSE
taxon126,0.16688811049190644,0.09693897412316829,1.721579086238962,0.08514579439328974,1,FALSE
taxon127,0.014053011892660727,0.11713907090110826,0.11996861324369418,0.9045080113518214,1,FALSE
taxon128,0.18239962358051826,0.09767312021102421,1.8674495417617578,0.06183883693074071,1,FALSE
taxon129,0.08902188602404504,0.12867289182862293,0.6918464702154332,0.48903375002220034,1,FALSE
taxon130,0.12950711277274518,0.1158439954343532,1.1179441134360273,0.26359086287557565,1,FALSE
taxon131,0.29694337135229637,0.1278672787407519,2.3222780235617786,0.020217970097108053,1,FALSE
taxon132,0.23841706829626474,0.12446565868702687,1.9155248990870049,0.055425596879172215,1,FALSE
taxon133,-0.041026080885724125,0.14726872317092024,-0.278579728284255,0.7805673715480763,1,FALSE
taxon134,-1.6087833133100573,0,Inf,0,0,TRUE
taxon135,-0.3750114350060012,0.1591119522715346,-2.3569029834164845,0.01842806062842092,1,FALSE
taxon136,-0.2520484408555035,0.13377099942374085,-1.8841784986378107,0.059540834907806636,1,FALSE
taxon137,0.22260063815356834,0.12019289856612488,1.8520282047370977,0.0640217728939305,1,FALSE
taxon138,1.0471796579627597,0.13166680709772435,7.953254742370513,1.8167424009982747e-15,7.593983236172788e-13,TRUE
taxon139,-0.04601362545882415,0.267899593927481,-0.17175698098026904,0.8636285870367721,1,FALSE
taxon140,-0.1056750906024253,0.0942279740144837,-1.1214832082262756,0.26208223518391066,1,FALSE
taxon141,-0.14928368674616377,0.14310589612030242,-1.0431693647385987,0.29686985931511334,1,FALSE
taxon142,-0.10348754069225463,0.15207719983008197,-0.6804934652129493,0.49619205816386985,1,FALSE
taxon143,0.09616455521229422,0.10623710549283319,0.9051880203831564,0.3653657872638892,1,FALSE
taxon144,0.14896268502112253,0.12040593303934095,1.2371706381981282,0.21602373964554372,1,FALSE
taxon145,-0.039884079160728,0.13191798385510223,-0.30233996908667427,0.7623929121886577,1,FALSE
taxon146,0.13115740053136743,0.13829793884695338,0.9483684400858065,0.3429419202125413,1,FALSE
taxon147,0.13107488792339628,0.1180000432095945,1.11080372818659,0.26665284137294065,1,FALSE
taxon148,-1.8058719151158142,0,Inf,0,0,TRUE
taxon149,0.09333961162303728,0.12768372207342332,0.7310220136703347,0.4647657069093637,1,FALSE
taxon150,-1.655791296153131,0,Inf,0,0,TRUE
taxon151,-0.11444207199934897,0.12537342347223518,-0.9128096595742475,0.3613426571101856,1,FALSE
taxon152,0.2541242372523793,0.10341113979531902,2.4574164616632768,0.01399403532986735,1,FALSE
taxon153,0.1765066285771646,0.09249990268800264,1.908181775850211,0.05636772621187245,1,FALSE
taxon154,-0.9338167853206738,0,Inf,0,0,TRUE
taxon155,0.06566238139188985,0.12044902434142209,0.545146643992439,0.585652664611436,1,FALSE
taxon156,-1.0423249009553097,0,Inf,0,0,TRUE
taxon157,-0.0035140384909924105,0.13811501501134577,-0.025442841900308537,0.9797017392616941,1,FALSE
taxon158,0.018511001311564967,0.13223539033073164,0.1399852283512562,0.8886716615313573,1,FALSE
taxon159,0.007059743837166954,0.12581117267567568,0.05611380680288249,0.9552511450311529,1,FALSE
taxon160,-0.946393259692056,0,Inf,0,0,TRUE
taxon161,0.23028155999979927,0.13129481713861355,1.7539272685583711,0.07944297044449221,1,FALSE
taxon162,-0.04269014349532474,0.12395136661871237,-0.3444104301539827,0.7305376460168278,1,FALSE
taxon163,0.07888565563491434,0.13583681948573414,0.5807383884102135,0.561416784926897,1,FALSE
taxon164,-0.18986520095997472,0.13369196065963893,-1.4201691711541655,0.15555843646463982,1,FALSE
taxon165,1.5706721776546506,0.15456390807589773,10.16195952345732,2.9312503711725332e-24,1.2252626551501188e-21,TRUE
taxon166,0.04214085256250111,0.10350057109492858,0.40715574915862435,0.6838935998484912,1,FALSE
taxon167,0.07727153616585997,0.13024349787995956,0.5932851729541092,0.5529903198785613,1,FALSE
taxon168,-0.012375142644348358,0.1183600389413855,-0.10455507411987927,0.9167288648954419,1,FALSE
taxon169,-0.2529040534444502,0.1402007979994908,-1.8038702849991533,0.07125164426730822,1,FALSE
taxon170,0.018370265091896765,0.12021722858952016,0.15280892187775968,0.8785489617302032,1,FALSE
taxon171,-0.3403863213837204,0.1283532861319575,-2.651948630545975,0.008002871651867945,1,FALSE
taxon172,-0.19786503964281266,0.15555181532523346,-1.2720201254425039,0.20336596872376145,1,FALSE
taxon173,-0.32529449499226515,0.1333742237849206,-2.4389607358977803,0.014729568581888898,1,FALSE
taxon174,-0.1818348392518353,0.1156158350895823,-1.572750299394064,0.11577664795168352,1,FALSE
taxon175,0.2541937616830278,0.13337021343236813,1.9059260320665916,0.05665980305971498,1,FALSE
taxon176,-0.08469332503462468,0.13549814826535814,-0.6250515311010906,0.5319372376499567,1,FALSE
taxon177,-0.38727060517007805,0.138549062849668,-2.7951874751421752,0.005186962602178627,1,FALSE
taxon178,-0.3728273041982314,0.12498796133314341,-2.9829057152512153,0.002855259378205371,1,FALSE
taxon179,-0.38936535243360415,0.11837046416948942,-3.289379281947304,0.0010040861808822096,0.4197080236087636,FALSE
taxon180,-0.4117690859556249,0.16150676824947205,-2.549546934897392,0.010786299117562305,1,FALSE
taxon181,-0.8255818952595105,0,Inf,0,0,TRUE
taxon182,-8.9365407485964e-4,0.1297254698096236,-0.006888809700755809,0.994503568570325,1,FALSE
taxon183,-0.07625518990331726,0.12783947939287443,-0.5964917118363015,0.5508467890984551,1,FALSE
taxon184,-0.04530851315007434,0.0731900449044045,-0.6190529491989383,0.5358814778010667,1,FALSE
taxon185,-0.8914628167012606,0.11623086289601244,-7.669759945762601,1.7231854272376742e-14,7.202915085853478e-12,TRUE
taxon186,-0.21548469881232668,0.11750438131414147,-1.8338439503480322,0.06667716159392954,1,FALSE
taxon187,-0.9271322052633424,0.11921035118283782,-7.777279372672609,7.410084505607547e-15,3.097415323343955e-12,TRUE
taxon188,-1.702924378489778,0,Inf,0,0,TRUE
taxon189,-5.312154338541956,0,Inf,0,0,TRUE
taxon190,0.05294250978325632,0.11038962926982775,0.4795967713040127,0.6315141426096389,1,FALSE
taxon191,-1.7356263068420024,0,Inf,0,0,TRUE
taxon192,0.09586996514754775,0.1076060554959777,0.8909346663221138,0.3729642212606117,1,FALSE
taxon193,0.057208455799264646,0.12026735678486254,0.47567733530221884,0.6343042702452371,1,FALSE
taxon194,-0.41195245582422446,0.17979887062984665,-2.2911848911015364,0.02195272243586964,1,FALSE
taxon195,0.1163987501710047,0.12284819512074975,0.9475006943048225,0.3433837026177902,1,FALSE
taxon196,0.22112816339375335,0.13594820851068615,1.6265618047947406,0.10383019694412648,1,FALSE
taxon197,-0.22379836020653743,0.11214557410600288,-1.9956058185140455,0.04597684569646141,1,FALSE
taxon198,0.0011778802378110687,0.11439732078016467,0.01029639706400625,0.9917848089076556,1,FALSE
taxon199,-0.022294529980585287,0.12220174791103613,-0.18244035262749175,0.8552371603422919,1,FALSE
taxon200,-0.2128277781096919,0.13430650445340656,-1.584642374364868,0.11304761152945214,1,FALSE
taxon201,-0.01880808466252032,0.13054831372507933,-0.1440699165377817,0.8854452599826517,1,FALSE
taxon202,-0.9129272089512732,0,Inf,0,0,TRUE
taxon203,0.1789415155822066,0.15649059706202112,1.1434649681302427,0.25284559162412584,1,FALSE
taxon204,-0.8776034868683328,0,Inf,0,0,TRUE
taxon205,0.18896614583829469,0.09212948894963716,2.051092956149942,0.040257895153423734,1,FALSE
taxon206,0.005675864283297083,0.1489622324306045,0.038102706912245286,0.9696057930751858,1,FALSE
taxon207,0.24118214926240034,0.13301370089592748,1.8132128317450993,0.06979900148267111,1,FALSE
taxon208,0.24525749342237535,0.10631036545789446,2.3069951115868625,0.02105509262806939,1,FALSE
taxon209,-1.0444761849932287,0,Inf,0,0,TRUE
taxon210,-0.09831345604435238,0.16475186484222626,-0.5967365294377804,0.5506832997418838,1,FALSE
taxon211,-5.343010551077207,0,Inf,0,0,TRUE
taxon212,0.05079122574533729,0.09320354770894287,0.5449494895188831,0.5857882575772827,1,FALSE
taxon213,-0.13378883437322098,0.13809463755339138,-0.9688199103422416,0.33263505073415567,1,FALSE
taxon214,-0.32613792417683074,0.16551257069513195,-1.9704722294330428,0.04878427465734506,1,FALSE
taxon215,-0.338740377919712,0.12801189596637774,-2.646163275393421,0.00814105112194636,1,FALSE
taxon216,0.8696838431276709,0.14468267157929277,6.010974456267515,1.844114641399662e-9,7.708399201050587e-7,TRUE
taxon217,-0.5749073342813713,0.12269903617225504,-4.68550815243788,2.7926618168422717e-6,0.0011673326394400696,TRUE
taxon218,-0.31105928726533216,0.15834308901594046,-1.9644639320761117,0.04947631505150639,1,FALSE
taxon219,-0.3336927004624868,0.15920698219529122,-2.0959677512959995,0.03608505177618979,1,FALSE
taxon220,-0.12256204398694226,0.11479850323442803,-1.0676275433370455,0.2856885541764438,1,FALSE
taxon221,-1.2028469882802677,0,Inf,0,0,TRUE
taxon222,0.05712648567495715,0.13165869633503857,0.4338983087724375,0.6643622879321747,1,FALSE
taxon223,0.09640032647499519,0.12196894942121733,0.7903677692760851,0.42931301949272227,1,FALSE
taxon224,0.057205322760427724,0.13853454962739992,0.4129318131418202,0.6796565721085855,1,FALSE
taxon225,-0.33512018739017835,0.15606404773377555,-2.1473247186427504,0.03176743926439343,1,FALSE
taxon226,-0.9128631633399279,0,Inf,0,0,TRUE
taxon227,0.18145523463455188,0.12223120991789249,1.4845245723775662,0.1376698092251457,1,FALSE
taxon228,-0.23194271426150803,0.1170950230486072,-1.9808076229271208,0.0476128516257042,1,FALSE
taxon229,0.1404838735873402,0.11327681287157049,1.240182081628799,0.21490805438917168,1,FALSE
taxon230,-0.07869338993357722,0.1296967991864469,-0.6067488976381813,0.5440175663425146,1,FALSE
taxon231,0.06460799576691839,0.11666712297505785,0.5537806549042172,0.5797289691414191,1,FALSE
taxon232,0.012810082972391779,0.13031640462751115,0.09829984957770571,0.92169419762415,1,FALSE
taxon233,-0.08291383937047275,0.11455018659756028,-0.7238210764489377,0.46917558817461835,1,FALSE
taxon234,-0.646709769958121,0.14358775019567907,-4.503934138370407,6.670688774322153e-6,0.00278834790766666,TRUE
taxon235,1.2837560280249916,0.16023589803614738,8.011663077741737,1.1316754430910674e-15,4.730403352120662e-13,TRUE
taxon236,0.11335924535652286,0.12908462496733497,0.8781777487846331,0.3798472653323771,1,FALSE
taxon237,-0.09646584843226591,0.15301909160019014,-0.6304170768724263,0.5284217408889367,1,FALSE
taxon238,0.03496901676074643,0.11764416682280399,0.29724394931893966,0.7662802705811629,1,FALSE
taxon239,0.30996574371448615,0.1254111690206274,2.471596000062032,0.013451143051616208,1,FALSE
taxon240,0.15053565073258357,0.12418688598307054,1.212170266940303,0.22544721052583389,1,FALSE
taxon241,0.13030586706859648,0.12312089702794377,1.0583570312927626,0.2898927012054948,1,FALSE
taxon242,0.4046121464934895,0.10957366312688761,3.69260399759515,2.2196952251902005e-4,0.09278326041295037,FALSE
taxon243,-0.7142770374521263,0.16920048106903038,-4.221483490704236,2.4269973340118825e-5,0.01014484885616967,TRUE
taxon244,-0.9469944457893055,0,Inf,0,0,TRUE
taxon245,0.10244335366806995,0.11909707219530218,0.8601668519615452,0.3896970742122395,1,FALSE
taxon246,-0.7209736322691671,0,Inf,0,0,TRUE
taxon247,0.1116614742475101,0.13248157221126075,0.8428453284767029,0.39931495318758575,1,FALSE
taxon248,-0.005637928109595514,0.10032400802560695,-0.05619719766535319,0.9551847135759324,1,FALSE
taxon249,0.22765303476903587,0.10624540793667998,2.1427094044828014,0.03213643975167167,1,FALSE
taxon250,-5.2714852130891225,0,Inf,0,0,TRUE
taxon251,-0.1444723302875789,0.14436775001457242,-1.0007244019041366,0.31696006673183125,1,FALSE
taxon252,-1.817187215469469,0.16552675944938716,-10.97820812486278,4.86477447482464e-28,2.0334757304766995e-25,TRUE
taxon253,1.0440727404413412,0.14005756495507443,7.454597263462658,9.01427563530065e-14,3.7679672155556714e-11,TRUE
taxon254,-0.2850366425072296,0.13955636587520426,-2.042448158632322,0.04110709682382104,1,FALSE
taxon255,0.10759624167191512,0.09607321726622595,1.1199400283822911,0.26273931914657955,1,FALSE
taxon256,0.05736763623528318,0.14490892745701398,0.3958875221976977,0.6921880064955955,1,FALSE
taxon257,0.16331890240755437,0.10778439344734958,1.5152370133003739,0.12971239281711824,1,FALSE
taxon258,-0.9952041157311241,0,Inf,0,0,TRUE
taxon259,0.1683380470083442,0.12176613750975124,1.382470122244482,0.1668273982107524,1,FALSE
taxon260,-0.42466971210401505,0.16007876205971147,-2.6528797864241835,0.007980828874462807,1,FALSE
taxon261,0.14222938724707063,0.11561367398863902,1.2302125029003668,0.21861753911199994,1,FALSE
taxon262,0.04727920855674306,0.16285796475723405,0.2903094646136608,0.7715794987815551,1,FALSE
taxon263,-0.9604337085279329,0,Inf,0,0,TRUE
taxon264,-0.08128307974649918,0.13723201728608161,-0.5923040508619201,0.5536470037967542,1,FALSE
taxon265,-0.04918598296165555,0.14713217038909357,-0.3342979501463369,0.7381547371009933,1,FALSE
taxon266,0.007448030837190367,0.11953207226417704,0.06230989470950962,0.9503160489512269,1,FALSE
taxon267,0.1331481228295756,0.14268569662833508,0.9331567632626643,0.3507390348539974,1,FALSE
taxon268,-1.5391056659289792,0,Inf,0,0,TRUE
taxon269,-0.32778675507260124,0.13721158543511308,-2.3889145660197224,0.01689823139837361,1,FALSE
taxon270,-0.04831572091788511,0.12098038649774923,-0.39936821427483205,0.6896219111871233,1,FALSE
taxon271,0.2585119391344006,0.14951184892752392,1.7290398118192938,0.08380197002309289,1,FALSE
taxon272,0.29292524445769885,0.13296908346585565,2.202957535861465,0.02759774174542549,1,FALSE
taxon273,-1.061556399233376,0,Inf,0,0,TRUE
taxon274,1.2730203422243394,0.15687970122278808,8.11462752862142,4.872770711357414e-16,2.0368181573473993e-13,TRUE
taxon275,1.1869970132380743,0.13184440077768397,9.00301420641737,2.196039201692581e-19,9.179443863074989e-17,TRUE
taxon276,0.09382573238269803,0.11253955064786939,0.8337134086866408,0.40444250035441626,1,FALSE
taxon277,0.19275257306530807,0.1452625771869153,1.326925191594842,0.18453343015438417,1,FALSE
taxon278,-0.9590729753772577,0,Inf,0,0,TRUE
taxon279,-0.8439990925116846,0,Inf,0,0,TRUE
taxon280,-0.33008552134009084,0.1236756478493509,-2.6689613281198854,0.00760862100924719,1,FALSE
taxon281,-0.024622954544683218,0.09095398842528059,-0.27071879937306065,0.7866073167495503,1,FALSE
taxon282,0.21649658510239372,0.11087848711659448,1.9525571707587994,0.050872090342503756,1,FALSE
taxon283,-0.33821002849488646,0.13449503203955118,-2.514665585532025,0.011914533804653859,1,FALSE
taxon284,0.18949937609917844,0.12042587688111624,1.5735768840300925,0.11558530083161667,1,FALSE
taxon285,-0.863563038032456,0,Inf,0,0,TRUE
taxon286,0.013222614535262522,0.13652530945241723,0.09685101310736059,0.9228447117154398,1,FALSE
taxon287,-1.0201590241688678,0,Inf,0,0,TRUE
taxon288,0.03158373062587133,0.10472471950271935,0.3015881138268526,0.7629660701291355,1,FALSE
taxon289,-0.30962472716876477,0.13020513796374036,-2.377976261236245,0.01740794656378199,1,FALSE
taxon290,1.211755009112307,0.1346496994614108,8.999314621267189,2.2713114364230843e-19,9.494081804248492e-17,TRUE
taxon291,0.27123636849657573,0.15580725588111993,1.7408455528125568,0.08171065471378317,1,FALSE
taxon292,0.23753932003411887,0.10432434859244862,2.2769307763625264,0.022790359701990316,1,FALSE
taxon293,-0.27441634869299447,0.16931067729964366,-1.620785842155343,0.10506357588915112,1,FALSE
taxon294,0.4142887888872799,0.1320098138540724,3.1383181052375932,0.0016992036026325342,0.7102671059003993,FALSE
taxon295,0.15133712482377504,0.09110734176787244,1.6610859441971084,0.09669618699934392,1,FALSE
taxon296,-1.6688470413331264,0,Inf,0,0,TRUE
taxon297,0.1405288831993063,0.08520506493227521,1.6493019905683415,0.09908578206263513,1,FALSE
taxon298,0.224916146437742,0.12750993250656645,1.763910795154404,0.07774699907396075,1,FALSE
taxon299,0.2546562414895292,0.12929924994346625,1.9695105857216728,0.04889448819165517,1,FALSE
taxon300,-1.5995867973810243,0.1734247051168088,-9.22352323622886,2.874950124426587e-20,1.2017291520103133e-17,TRUE
taxon301,-0.30092554518562653,0.13942024999216246,-2.158406294656215,0.03089625675899466,1,FALSE
taxon302,-0.1910388593825041,0.14684841696262568,-1.3009255621129732,0.19328393543481245,1,FALSE
taxon303,0.26784571614227337,0.129385740966907,2.0701331857795697,0.038439873955812914,1,FALSE
taxon304,1.3219860420741798,0.15113512424528153,8.74704704598443,2.190084073602382e-18,9.154551427657956e-16,TRUE
taxon305,0.1108894321347606,0.11404739016659796,0.9723101245260914,0.33089628850689695,1,FALSE
taxon306,-1.2022467191768555,0.16133161355714914,-7.452021911074353,9.192045442868177e-14,3.8422749951188976e-11,TRUE
taxon307,-0.010483056489918985,0.14153622761092377,-0.07406624202770473,0.9409576764151655,1,FALSE
taxon308,0.02197264021259404,0.13665191463451618,0.1607927724347017,0.8722566179276176,1,FALSE
taxon309,0.26887343975823536,0.136223412799964,1.9737681961694797,0.04840810671939423,1,FALSE
taxon310,0.21359546628782933,0.10337019945555781,2.066315702328319,0.038798679708848136,1,FALSE
taxon311,0.02841830695891967,0.1224995442030747,0.23198704243183935,0.8165480779376216,1,FALSE
taxon312,0.04132865256902468,0.11424838202626401,0.3617438762460884,0.7175434358497241,1,FALSE
taxon313,-0.42192914527155534,0.13775702866518094,-3.0628502179518984,0.0021923976597483766,0.9164222217748215,FALSE
taxon314,-0.24039546324007333,0.13304208614572444,-1.8069129115786862,0.07077585904674692,1,FALSE
taxon315,0.1435799345940751,0.11213696929023426,1.280397851866852,0.20040524907745977,1,FALSE
taxon316,-0.0841007685916958,0.1277174296079305,-0.6584909268051353,0.5102227253304091,1,FALSE
taxon317,-0.06039311915948897,0.12034627839932405,-0.5018278916702105,0.6157885915909583,1,FALSE
taxon318,-0.8279453895960951,0,Inf,0,0,TRUE
taxon319,-2.221187696249712,0.1524545627939031,-14.56950618954214,4.390531741970605e-48,1.835242268143713e-45,TRUE
taxon320,-0.058341172545519404,0.1300055962567463,-0.4487589321178314,0.6536055671457419,1,FALSE
taxon321,0.07371592633792057,0.15208321810061093,0.4847078281125907,0.6278836128149914,1,FALSE
taxon322,0.13402858840680232,0.1157779717654338,1.157634620498831,0.24701317481359672,1,FALSE
taxon323,-0.1737970927739938,0.09065635406574035,-1.917097754096344,0.05522551391592052,1,FALSE
taxon324,-1.436432313364361,0.16669194661152115,-8.617286812973603,6.8559250273247905e-18,2.8657766614217624e-15,TRUE
taxon325,-0.21004205931496955,0.13573868004084438,-1.5474001902167234,0.12176677540807587,1,FALSE
taxon326,-0.40309416956610766,0.1433323152182207,-2.812304880113075,0.004918785617636677,1,FALSE
taxon327,-0.02363262575592029,0.11929150151896986,-0.19810820934433626,0.8429604020015302,1,FALSE
taxon328,-1.79058354906494,0,Inf,0,0,TRUE
taxon329,-0.6849065126299752,0,Inf,0,0,TRUE
taxon330,-0.7244252711140522,0.12180978124255852,-5.947184731179443,2.72793491996722e-9,1.140276796546298e-6,TRUE
taxon331,0.8550988927501622,0.15837480082410102,5.399210532866764,6.693478816851009e-8,2.7978741454437217e-5,TRUE
taxon332,-0.044974387492779766,0.10096689393548795,-0.4454369718604577,0.6560039987794404,1,FALSE
taxon333,-0.10153350009140855,0.13906446352673923,-0.7301182309014966,0.465317918512179,1,FALSE
taxon334,-0.21268531043575878,0.14141450204122785,-1.5039851455528424,0.13258519155664947,1,FALSE
taxon335,-0.8330200136366508,0,Inf,0,0,TRUE
taxon336,-0.027728513899607177,0.13353883273118375,-0.20764382414084157,0.8355070833454781,1,FALSE
taxon337,0.20193215813758786,0.11685321860548158,1.7280838349806074,0.08397319518383106,1,FALSE
taxon338,-0.15425084859615001,0.13640617191181648,-1.1308201559667674,0.25813079458686833,1,FALSE
taxon339,-0.009632656581672339,0.12771951951369512,-0.07542039477089833,0.9398802327415747,1,FALSE
taxon340,-0.33209812748966216,0.1636208220837251,-2.0296813282097244,0.042388942051757084,1,FALSE
taxon341,-0.29961595698365473,0.1492222046641548,-2.007851027653571,0.04465912451971742,1,FALSE
taxon342,0.03627403523585154,0.1145273688754298,0.3167280938349891,0.751449929660078,1,FALSE
taxon343,-0.04129168654069676,0.1076921142527239,-0.3834234923069342,0.7014057875061617,1,FALSE
taxon344,0.09613243776368346,0.09518032652098432,1.010003235726337,0.31249373980145034,1,FALSE
taxon345,-0.1568839330354479,0.14695197674091712,-1.0675864082593545,0.28570711731004317,1,FALSE
taxon346,0.9831979792894497,0.11012668125677867,8.92788167289778,4.34243760713623e-19,1.8151389197829441e-16,TRUE
taxon347,-0.06576444647364155,0.09040566439107253,-0.7274372343436449,0.4669581519805962,1,FALSE
taxon348,0.09545207118834581,0.14486629491949654,0.6588977183504925,0.5099614511334782,1,FALSE
taxon349,-0.01845306309741762,0.1210799438840067,-0.15240396142812437,0.8788683328095233,1,FALSE
taxon350,-1.9741247770729808,0,Inf,0,0,TRUE
taxon351,0.14476033766961366,0.10585893511751591,1.36748341090823,0.17147383351624673,1,FALSE
taxon352,-1.0119303549044838,0,Inf,0,0,TRUE
taxon353,0.08240553032420272,0.13662612120605913,0.6031462329221726,0.5464114123881372,1,FALSE
taxon354,0.2254185036099035,0.1395135612364884,1.61574617988425,0.10614920211737824,1,FALSE
taxon355,-0.2695909952638966,0.16384650368087228,-1.6453875377712386,0.0998899178810482,1,FALSE
taxon356,-0.027451336706708962,0.12600491942628914,-0.21785924574768334,0.827538781602069,1,FALSE
taxon357,-0.13845705002924524,0.13907995740958662,-0.9955212282780118,0.31948282491033975,1,FALSE
taxon358,-0.11383663885558504,0.11126149747353224,-1.0231449462799598,0.3062393184474489,1,FALSE
taxon359,-0.16727429117266457,0.1621850668269397,-1.031379117974871,0.30236306943278873,1,FALSE
taxon360,0.014921611911644206,0.11629418257434784,0.1283091860773405,0.8979042957580685,1,FALSE
taxon361,0.32411770716591637,0.12873942703164165,2.5176258325761736,0.011814875838584834,1,FALSE
taxon362,0.23996324925877482,0.10292620708904644,2.3314105906105236,0.01973171962152306,1,FALSE
taxon363,-0.24490456725995813,0.1459464883306126,-1.6780435765276913,0.09333859235987096,1,FALSE
taxon364,0.13583762441372027,0.10104812749486285,1.3442864086781428,0.17885578886904294,1,FALSE
taxon365,0.0207403344812237,0.14775142453500473,0.14037316084427987,0.8883651624140865,1,FALSE
taxon366,-0.04635267032361212,0.1257428752298098,-0.3686305903129478,0.712403091172755,1,FALSE
taxon367,-0.08319216411700797,0.10636178480325262,-0.7821621672755523,0.43411927532569733,1,FALSE
taxon368,-0.03597447261392683,0.15420990826134465,-0.23328249798942685,0.8155420483038527,1,FALSE
taxon369,-1.8240625461028588,0,Inf,0,0,TRUE
taxon370,0.04902048249758473,0.12471475315151061,0.39306081485028355,0.6942745648415745,1,FALSE
taxon371,0.12347427585087495,0.1139267230647458,1.0838043307951828,0.27845156461101095,1,FALSE
taxon372,0.18778887878415318,0.10854858354939095,1.7299984269136677,0.08363055628343043,1,FALSE
taxon373,-5.328830340399274,0,Inf,0,0,TRUE
taxon374,0.013101419727357677,0.11653159947833899,0.11242804343205623,0.9104840208392453,1,FALSE
taxon375,0.08152248358478847,0.1306600945004321,0.6239279398693446,0.5326749103216277,1,FALSE
taxon376,-0.09172669444253795,0.11030338850571766,-0.8315854633766144,0.4056429700807363,1,FALSE
taxon377,-0.9269088450601969,0,Inf,0,0,TRUE
taxon378,-0.2618823299610793,0.13742311832411364,-1.905664295460299,0.05669377448472452,1,FALSE
taxon379,-0.8737743749121558,0,Inf,0,0,TRUE
taxon380,0.019168122614071026,0.10367611867257749,0.1848846471057276,0.8533195132261415,1,FALSE
taxon381,1.1102711291381842,0.154111911233481,7.2043174356335955,5.83353232047466e-13,2.438416509958408e-10,TRUE
taxon382,-0.9875244219009524,0,Inf,0,0,TRUE
taxon383,-0.26773977018123774,0.13043818549130506,-2.0526180211168694,0.040109638372781045,1,FALSE
taxon384,-0.3443733142115444,0.16508548675923254,-2.0860302196872857,0.036975885760012504,1,FALSE
taxon385,-0.005480636362000246,0.13827818907131004,-0.03963485780952687,0.9683842367502262,1,FALSE
taxon386,0.3863125595283295,0.1197405858018785,3.226245779083778,0.001254256001414927,0.5242790085914395,FALSE
taxon387,0.07048946525496858,0.14683776171704427,0.4800499846272614,0.6311918511369999,1,FALSE
taxon388,0.14212047116540227,0.12246188439123544,1.1605282073837973,0.24583381616294017,1,FALSE
taxon389,0.03719767300999216,0.1399731553319533,0.2657486210250532,0.7904328151320366,1,FALSE
taxon390,-0.289460153407473,0.1615194371572421,-1.7921072441930213,0.0731157887065673,1,FALSE
taxon391,-0.1420152326712405,0.12241234238870471,-1.1601381845981618,0.2459925497507915,1,FALSE
taxon392,0.2045039406115829,0.1166301210116924,1.7534401819842145,0.07952647884580805,1,FALSE
taxon393,-0.30918631172435385,0.16700041180794856,-1.8514104748431393,0.06411052327538469,1,FALSE
taxon394,0.13095461599013397,0.1187296152880895,1.102965049388742,0.27004234334023475,1,FALSE
taxon395,-0.08063356246431747,0.11626547285504862,-0.6935297340152355,0.4879771726083608,1,FALSE
taxon396,-0.06833209284003572,0.11054367711347142,-0.6181456472620669,0.5364793346673337,1,FALSE
taxon397,-0.197378197432878,0.1522898052352091,-1.2960696688004203,0.19495148358830097,1,FALSE
taxon398,0.2964852066268069,0.11030590761675556,2.687845220918798,0.007191472234705684,1,FALSE
taxon399,-0.22167294527111114,0.12228946835974545,-1.8126903996262704,0.06987958603335138,1,FALSE
taxon400,0.09262042057508924,0.10914238245774603,0.8486201097080395,0.39609271338273994,1,FALSE
taxon401,-0.01169367332083393,0.12032165690164268,-0.09718677104316276,0.9225780734893466,1,FALSE
taxon402,0.017724722889461197,0.10512158683818955,0.16861163746266808,0.8661021262584073,1,FALSE
taxon403,-0.26016563288728145,0.1708342393907798,-1.522912700727153,0.12778054782040904,1,FALSE
taxon404,-0.17941533723473702,0.14585768156439677,-1.2300712263517257,0.21867043382822618,1,FALSE
taxon405,-0.31139927432348236,0.16346678370221676,-1.9049697270042971,0.05678400637990534,1,FALSE
taxon406,-1.8078709593666824,0,Inf,0,0,TRUE
taxon407,0.18833062800353884,0.13187626871210245,1.4280858098486335,0.15326716133886403,1,FALSE
taxon408,-0.23089590744957378,0.13646308683074257,-1.6920026712861758,0.09064546429815365,1,FALSE
taxon409,-0.03888068931562261,0.132503922875531,-0.2934304771651599,0.7691931327474151,1,FALSE
taxon410,-0.7765254070453023,0.15820254646542753,-4.908425460869548,9.181051081871843e-7,3.8376793522224305e-4,TRUE
taxon411,1.6520785193972105,0.1620052932974797,10.197682345870064,2.030602675706162e-24,8.487919184451758e-22,TRUE
taxon412,-0.009802689914581497,0.11625150604131301,-0.08432312189657014,0.9327995292533398,1,FALSE
taxon413,-1.7125075148271636,0,Inf,0,0,TRUE
taxon414,-0.39340812533016045,0.14147293037823672,-2.780801417475126,0.005422489549612264,1,FALSE
taxon415,-0.12975578960749812,0.14745893131668644,-0.8799452732288652,0.37888895728850125,1,FALSE
taxon416,0.0048870757322683755,0.0915906784957704,0.05335778501186731,0.9574468399496996,1,FALSE
taxon417,-0.8971963756984034,0,Inf,0,0,TRUE
taxon418,0.06639422818195312,0.1366400797094783,0.4859059532394839,0.6270338473122706,1,FALSE
taxon419,-1.744601579369085,0,Inf,0,0,TRUE
taxon420,-0.10625876322583383,0.1316907236983992,-0.8068811548882503,0.4197349570863667,1,FALSE
taxon421,-0.8426094160517102,0,Inf,0,0,TRUE
taxon422,0.12483628168050481,0.12217653685185474,1.0217696858757352,0.3068899200950011,1,FALSE
taxon423,1.6516312008978027,0.14202546930326737,11.629119826184628,2.9310413815711507e-31,1.225175297496741e-28,TRUE
taxon424,-1.047190031376079,0,Inf,0,0,TRUE
taxon425,-0.008388821507099742,0.11472078134318246,-0.07312381775020281,0.9417075885681065,1,FALSE
taxon426,0.37984147739858837,0.14162445791323539,2.682033054144461,0.0073176229089255435,1,FALSE
taxon427,0.22124627434272964,0.12642835049148718,1.7499735896469428,0.0801228710618506,1,FALSE
taxon428,-0.35347232599498524,0.1760925846818499,-2.0073095447693663,0.044716713477226396,1,FALSE
taxon429,-0.14527993270565176,0.15360930207751872,-0.9457756186688254,0.3442630437470343,1,FALSE
taxon430,-0.23754570090685379,0.14598335865263556,-1.6272108211463263,0.1036923302753229,1,FALSE
taxon431,-0.28549657758399993,0.16918033653728506,-1.6875281337502266,0.09150184491124164,1,FALSE
taxon432,0.015586817977799705,0.13449408254047823,0.11589222130355507,0.907737960655712,1,FALSE
taxon433,1.1597834927735917,0.1751110244045707,6.623132362552266,3.516658545902299e-11,1.469963272187161e-8,TRUE
taxon434,0.17880578251594548,0.14661053220048512,1.2195971178348524,0.22261763954745703,1,FALSE
taxon435,0.13416520119353859,0.13350594910423513,1.0049379978474873,0.3149267061765542,1,FALSE
taxon436,-0.5214195580731807,0.1282257202949618,-4.066419411594977,4.774098378485601e-5,0.01995573122206981,TRUE
taxon437,-0.4212662858754288,0.13091487820297176,-3.217864093508862,0.001291489967763293,0.5398428065250565,FALSE
taxon438,0.1978795017179607,0.12013315564490358,1.6471680998946219,0.09952349871593211,1,FALSE
taxon439,0.2073476265023827,0.10473292333356622,1.9797750306462527,0.04772881328401467,1,FALSE
taxon440,-0.36159843108048273,0.16742077158953628,-2.159818209218446,0.03078674543042462,1,FALSE
taxon441,0.17668732893710626,0.12332686665776778,1.4326750830977797,0.15195071342843813,1,FALSE
taxon442,-0.005997890662496397,0.10038925111789969,-0.05974634331570341,0.9523576610070397,1,FALSE
taxon443,0.3325216339632809,0.1421183266247985,2.3397519648620637,0.019296550443578663,1,FALSE
taxon444,-0.19298340928293845,0.12325977257436155,-1.565664168060291,0.11742725904077034,1,FALSE
taxon445,0.11098986596163407,0.09490970830540015,1.16942584634747,0.24223210143443663,1,FALSE
taxon446,-0.025469477556105957,0.1612779473006843,-0.1579228777547685,0.8745175704326389,1,FALSE
taxon447,-0.8039969401917156,0,Inf,0,0,TRUE
taxon448,-0.26548052626651186,0.1582169534538535,-1.6779524600310516,0.09335638008898484,1,FALSE
taxon449,-0.03271936248960028,0.12016160478758875,-0.27229465308355966,0.7853954671778836,1,FALSE
taxon450,-0.1521644242907747,0.10606448280811683,-1.434640704052252,0.15138950923464714,1,FALSE
taxon451,-0.2922233771247389,0.15694622558146304,-1.8619331305489737,0.0626125164142341,1,FALSE
taxon452,0.004435885183825872,0.1186801206476834,0.03737681727670589,0.9701845568850869,1,FALSE
taxon453,0.2269472886112402,0.1060927524678926,2.1391403590921296,0.032424302649061286,1,FALSE
taxon454,0.07456183600177535,0.12948728665576575,0.5758236034398772,0.5647344177558837,1,FALSE
taxon455,0.10962455114656483,0.11575260433273273,0.9470590469951526,0.3436086914331554,1,FALSE
taxon456,-0.13681610338667272,0.10441455314574616,-1.3103164191652397,0.1900888152204804,1,FALSE
taxon457,-0.0010818875185056864,0.13410253562652513,-0.008067614183811838,0.9935630450266676,1,FALSE
taxon458,-0.9465388139190094,0.17850493623940064,-5.302591815441818,1.1417001161175557e-7,4.772306485371383e-5,TRUE
taxon459,-1.7471176068749947,0,Inf,0,0,TRUE
taxon460,-0.16147430505481442,0.1064208736031838,-1.5173179808400257,0.12918642060349508,1,FALSE
taxon461,-0.05678129245415209,0.1169979976422598,-0.4853184977384829,0.6274504360604483,1,FALSE
taxon462,-0.8740914696797386,0,Inf,0,0,TRUE
taxon463,-1.094346492564132,0,Inf,0,0,TRUE
taxon464,0.23175060746488346,0.1281337110949489,1.8086622597947934,0.07050348957170481,1,FALSE
taxon465,-0.023850081748545138,0.09642971478516277,-0.24733124848166457,0.8046518770690949,1,FALSE
taxon466,-1.8282375513888072,0.14653495986535933,-12.47645990464423,1.003499347080383e-35,4.194627270796001e-33,TRUE
taxon467,-0.5833553643987435,0.12412282023681641,-4.699823636666877,2.603862646478024e-6,0.001088414586227814,TRUE
taxon468,0.290625701686398,0.12056608416983775,2.4105095864024455,0.01593025266919069,1,FALSE
taxon469,-0.7603041396243815,0,Inf,0,0,TRUE
taxon470,-0.09357544176946986,0.12437465497076895,-0.7523674481063874,0.4518301167116743,1,FALSE
taxon471,-0.841058428255131,0,Inf,0,0,TRUE
taxon472,-1.2063158628058495,0.16612200175365402,-7.2616260945056625,3.824642265703819e-13,1.5987004670641964e-10,TRUE
taxon473,-1.8283626912465025,0,Inf,0,0,TRUE
taxon474,-0.8173143277199149,0,Inf,0,0,TRUE
taxon475,0.08245800488844024,0.12847982014609338,0.6417973250170953,0.5210047867251644,1,FALSE
taxon476,0.018096917311613114,0.0896110535876256,0.20194960986500576,0.8399561179301668,1,FALSE
taxon477,-0.1786233566212576,0.13956554223735138,-1.2798528473273352,0.20059689362166636,1,FALSE
taxon478,0.15135333896078162,0.14536751666819256,1.0411771655028816,0.29779333138498515,1,FALSE
taxon479,0.2613813549812958,0.12778978536470828,2.0454010016162174,0.0408153402901182,1,FALSE
taxon480,-0.20729428106567083,0.12655271648128982,-1.6380073603265422,0.1014201583918799,1,FALSE
taxon481,-0.17571101740089445,0.11686066789676952,-1.5035941567278326,0.13268589660962696,1,FALSE
taxon482,0.08811081049927516,0.10446253412075489,0.8434680552304261,0.3989667243425958,1,FALSE
taxon483,-0.1321568960870041,0.13666065719489617,-0.9670442013060927,0.33352193765200605,1,FALSE
taxon484,-2.2611431336109433,0.2054149539146233,-11.007685129636391,3.509039718687066e-28,1.4667786024111936e-25,TRUE
taxon485,-0.01765603705997848,0.1045736538731187,-0.16883829153948185,0.8659238383773897,1,FALSE
taxon486,-0.010376462821705068,0.10418492187675285,-0.09959658878450822,0.9206646021167123,1,FALSE
taxon487,-0.9163751805285222,0,Inf,0,0,TRUE
taxon488,-0.2951155509454795,0.09689557602191302,-3.045707173243274,0.002321337928964098,0.970319254306993,FALSE
taxon489,-0.9005039638182593,0.11388767247076768,-7.906948524647368,2.6377462881182285e-15,1.1025779484334194e-12,TRUE
taxon490,0.2970675437017087,0.11382330427100004,2.609900895113934,0.009056845654230379,1,FALSE
taxon491,0.2511794573057743,0.10695696855561741,2.3484160097073197,0.01885345074383561,1,FALSE
taxon492,-5.338092887318192,0,Inf,0,0,TRUE
taxon493,-0.8680140844532734,0,Inf,0,0,TRUE
taxon494,0.10404388071618531,0.11894826270492492,0.8746986156013651,0.38173791359112236,1,FALSE
taxon495,0.2748737679296966,0.12394818479875043,2.217650612439366,0.02657866410006146,1,FALSE
taxon496,0.4240150704759404,0.1018755447420685,4.162088865875262,3.15349574007721e-5,0.013181612193522737,TRUE
taxon497,0.13980596892840602,0.12992178131127632,1.0760779872117703,0.28189237954171537,1,FALSE
taxon498,0.253277307562822,0.1297780522567411,1.9516189614385737,0.05098346033472281,1,FALSE
taxon499,-0.46371944411210975,0.12175205905646404,-3.808719521507674,1.3968829947040101e-4,0.058389709178627625,FALSE
taxon500,0.11729419536817776,0.1391136661722944,0.8431536497852562,0.3991425170371295,1,FALSE
