taxon,sub1,sub2,sub3,sub4,sub5,sub6,sub7,sub8,sub9,sub10,sub11,sub12,sub13,sub14,sub15,sub16,sub17,sub18,sub19,sub20,sub21,sub22,sub23,sub24,sub25,sub26,sub27,sub28,sub29,sub30,sub31,sub32,sub33,sub34,sub35,sub36,sub37,sub38,sub39,sub40,sub41,sub42,sub43,sub44,sub45,sub46,sub47,sub48,sub49,sub50
taxon1,2,1,1,0,0,1,0,0,2,0,0,1,0,0,0,1,1,1,1,0,3,0,0,1,1,1,0,1,1,1,0,4,2,0,0,1,0,0,2,2,2,2,1,0,1,0,2,4,1,2
taxon2,1,4,0,0,0,0,1,1,4,0,0,0,0,0,1,0,1,0,1,0,3,0,0,0,3,0,0,1,1,1,0,0,1,2,0,1,0,1,2,0,2,3,0,0,7,0,1,2,2,3
taxon3,2,1,0,1,0,0,1,0,0,0,0,0,1,1,0,0,0,1,0,0,3,0,0,1,3,1,0,2,2,0,0,3,1,0,0,1,0,0,2,1,3,2,2,1,4,0,4,2,3,1
taxon4,105,173,16,121,21,14,158,8,187,10,11,42,28,38,18,8,11,16,19,17,546,35,316,48,236,90,22,380,27,100,18,514,349,81,22,275,63,429,287,239,301,368,245,28,767,27,233,421,254,687
taxon5,0,0,0,0,0,0,0,0,0,0,0,0,0,0,0,0,0,0,0,0,4,3,1,0,3,0,0,2,0,1,0,7,7,0,0,4,1,4,1,4,4,2,1,0,4,0,1,1,1,3
taxon6,5,10,0,3,2,1,12,3,17,0,0,0,1,1,0,0,1,1,0,0,16,1,6,1,6,4,0,7,1,3,0,7,9,2,2,8,0,7,6,5,7,7,7,1,24,0,6,9,7,17
taxon7,281,376,22,275,38,33,392,44,585,38,37,118,69,144,41,28,23,37,73,29,595,25,313,69,221,104,25,395,27,80,18,540,383,70,16,310,59,455,284,298,298,390,247,24,846,29,237,416,296,742
taxon8,5,9,1,3,1,0,8,0,9,1,1,3,1,1,0,1,0,1,3,0,12,1,8,0,3,1,0,7,0,2,1,12,10,1,1,6,1,8,8,5,3,3,4,2,24,0,6,6,4,14
taxon9,32,42,7,36,4,7,42,3,57,3,4,13,11,17,7,3,4,3,9,5,6,1,8,0,6,1,3,8,1,2,0,17,5,1,0,5,1,7,3,9,11,10,6,0,18,2,1,7,3,13
taxon10,0,1,0,2,0,1,0,0,2,0,0,0,1,0,0,1,0,0,0,0,1,0,0,0,0,1,0,3,1,0,0,3,4,1,0,1,0,0,5,2,2,4,1,1,4,0,1,0,0,2
taxon11,0,0,0,0,0,0,0,0,0,0,0,0,0,0,0,0,0,0,0,0,1,0,5,0,2,0,0,1,0,2,0,2,1,0,0,1,0,1,4,3,2,3,2,1,5,0,2,1,2,5
taxon12,0,0,0,0,0,0,0,0,0,0,0,0,0,0,0,0,0,0,0,0,1,0,1,0,1,0,0,3,0,0,0,4,2,0,0,5,1,2,2,2,2,2,0,0,10,0,0,2,1,6
taxon13,4,11,1,11,1,1,7,0,8,0,0,1,1,1,0,1,2,2,3,0,8,1,8,1,0,2,1,7,1,2,0,5,7,0,1,3,1,9,3,4,5,5,6,0,20,1,4,4,4,10
taxon14,1,0,0,1,0,0,1,0,0,0,0,1,0,0,0,0,0,0,0,1,1,1,1,0,1,0,0,2,0,0,0,1,4,1,0,0,0,1,1,1,4,2,1,0,8,0,2,4,2,5
taxon15,1,12,0,3,2,0,8,2,15,0,0,5,0,1,1,1,1,0,1,0,8,0,5,2,5,3,0,11,1,1,1,8,2,0,0,5,4,11,5,6,2,7,6,0,7,3,0,8,4,20
taxon16,2,1,0,2,1,0,2,0,4,0,0,1,0,0,0,0,0,0,0,0,2,0,2,1,1,0,0,3,0,0,0,2,0,1,0,1,0,4,1,0,2,1,2,1,3,0,1,3,3,2
taxon17,3,7,1,10,1,0,7,1,10,2,1,1,2,3,0,1,1,1,0,0,9,0,6,1,1,0,2,5,0,4,0,14,13,2,1,10,2,11,7,4,5,7,4,2,23,0,6,11,9,20
taxon18,265,390,24,297,51,44,393,48,559,40,38,112,60,108,31,33,32,40,70,28,552,30,299,49,253,86,33,360,0,82,21,549,347,68,23,289,49,429,292,273,309,369,223,30,853,22,238,409,0,670
taxon19,2,0,0,2,0,1,1,0,2,0,1,3,0,1,0,0,0,0,0,1,1,0,3,0,0,0,0,2,1,1,0,2,1,0,0,1,0,2,2,1,2,3,2,0,7,1,1,1,0,3
taxon20,0,0,0,0,0,0,0,0,0,0,0,0,0,0,0,0,0,0,0,0,19,0,6,4,7,3,0,7,0,1,1,11,11,3,1,4,0,6,3,4,5,6,4,1,16,1,5,9,7,16
taxon21,0,0,0,0,0,0,0,0,0,0,0,0,0,0,0,0,0,0,0,0,588,32,310,61,241,86,19,366,37,88,31,583,362,63,28,286,45,417,292,238,308,408,261,22,805,12,247,420,273,665
taxon22,1,1,0,4,0,0,0,0,3,0,1,0,1,1,0,0,0,0,2,0,3,0,2,0,0,0,0,3,1,0,0,2,1,0,0,3,0,1,0,0,2,2,0,1,2,0,1,1,0,5
taxon23,5,3,0,8,0,1,6,1,8,0,0,1,0,1,0,0,0,0,1,0,8,0,16,1,2,2,1,9,0,1,0,12,6,2,2,2,2,6,3,4,2,10,7,0,15,0,4,3,9,14
taxon24,0,1,0,1,0,0,1,0,2,0,0,1,0,2,0,1,0,0,1,0,3,0,1,0,1,0,0,3,0,0,0,3,4,0,0,2,1,1,3,3,1,0,1,1,2,0,2,4,0,6
taxon25,0,0,0,0,0,0,0,0,0,0,0,0,0,0,0,0,0,0,0,0,3,0,4,1,1,1,0,3,0,1,0,5,4,1,0,0,0,2,3,3,3,3,1,0,3,0,2,0,2,5
taxon26,2,2,0,1,0,0,1,1,4,0,0,1,0,0,0,0,0,0,0,0,1,0,0,0,3,0,0,3,0,0,0,3,2,1,0,0,1,2,1,2,0,3,0,1,5,0,1,4,0,6
taxon27,1,3,0,1,0,0,2,0,2,0,0,0,0,1,0,0,2,0,0,0,8,0,1,0,0,0,1,0,0,1,0,1,1,0,0,0,0,2,0,1,1,0,1,0,5,0,4,1,2,8
taxon28,0,2,0,1,0,0,3,0,2,0,0,3,0,0,0,0,0,0,1,0,2,0,0,0,1,1,1,2,0,0,1,2,0,1,0,2,0,3,0,0,1,0,0,0,3,0,2,5,3,2
taxon29,0,1,0,1,0,0,0,0,2,0,0,0,0,0,0,0,0,0,0,0,8,1,7,0,3,3,0,3,0,2,0,10,6,2,1,7,3,7,4,6,7,6,4,0,13,2,3,8,7,11
taxon30,0,0,0,0,0,0,0,0,0,0,0,0,0,0,0,0,0,0,0,0,3,0,0,0,0,1,0,2,0,0,0,0,0,0,0,2,0,3,0,1,1,0,1,0,2,0,0,0,2,3
taxon31,1,1,0,0,0,0,3,1,5,0,0,0,0,0,0,0,1,0,3,0,2,0,0,0,2,1,0,0,0,1,0,2,1,0,0,2,0,4,3,2,2,1,1,0,3,0,2,3,3,6
taxon32,0,0,0,0,0,0,0,0,0,0,0,0,0,0,0,0,0,0,0,0,2,0,0,0,0,1,0,2,0,0,0,2,3,0,0,2,0,3,2,0,1,2,2,0,3,0,2,2,1,2
taxon33,0,0,0,0,0,0,0,0,0,0,0,0,0,0,0,0,0,0,0,0,0,0,5,1,1,0,0,0,1,1,0,2,3,1,0,2,1,4,1,1,2,2,1,2,5,0,3,2,0,5
taxon34,0,0,0,0,0,0,3,0,5,0,1,0,0,1,0,1,0,0,0,0,4,0,1,1,1,0,0,2,0,1,0,4,1,0,0,4,1,2,1,1,0,1,2,0,2,0,0,5,3,8
taxon35,0,0,0,0,0,0,0,0,0,0,0,0,0,0,0,0,0,0,0,0,8,0,5,1,6,2,0,11,1,0,0,12,8,1,1,8,4,3,5,4,1,10,6,0,11,1,7,9,3,8
taxon36,7,6,1,6,0,1,6,2,14,1,2,5,1,3,2,1,0,1,0,0,15,1,5,0,8,3,0,7,1,3,1,6,5,1,3,9,1,11,8,8,7,10,8,1,22,1,7,7,7,18
taxon37,3,11,2,4,2,0,16,3,18,0,1,3,0,3,0,1,0,2,1,2,10,0,7,0,9,4,0,8,0,2,0,7,10,0,0,7,1,8,8,6,9,10,8,0,13,0,5,10,2,10
taxon38,0,0,0,0,0,0,0,0,0,0,0,0,0,0,0,0,0,0,0,0,3,0,0,0,2,0,0,1,0,1,1,1,1,2,0,2,1,1,1,1,1,1,0,0,4,1,0,3,1,7
taxon39,0,0,0,0,0,0,0,0,0,0,0,0,0,0,0,0,0,0,0,0,6,0,8,1,3,1,0,6,0,1,0,7,10,3,0,7,2,10,4,6,5,4,6,0,18,0,7,10,0,17
taxon40,0,0,1,0,0,0,2,0,1,0,0,0,0,0,0,1,1,0,0,0,3,0,3,0,0,0,0,3,0,1,0,3,2,1,0,0,0,3,1,1,1,0,1,0,1,0,1,1,2,3
taxon41,39,39,1,27,5,4,43,8,62,2,3,10,11,13,3,2,1,3,6,5,15,2,7,0,5,1,2,9,0,2,1,17,9,3,0,4,2,8,5,3,4,1,3,0,22,0,6,8,0,13
taxon42,10,6,0,10,1,0,6,2,14,1,0,1,2,2,2,2,3,0,2,0,17,2,8,0,5,1,2,8,1,0,1,8,6,2,0,2,2,5,2,9,13,8,6,2,17,0,3,11,3,15
taxon43,0,0,0,0,0,0,0,0,0,0,0,0,0,0,0,0,0,0,0,0,9,1,3,0,6,1,0,6,1,3,1,10,11,2,0,1,0,8,1,6,5,13,4,0,21,1,5,9,5,11
taxon44,2,2,1,0,0,0,5,1,3,0,0,0,1,1,0,0,0,0,1,0,2,0,3,0,0,0,0,3,0,0,1,8,0,0,0,1,0,1,1,2,0,2,1,0,1,0,1,1,3,2
taxon45,1,1,0,4,0,0,0,0,4,0,0,0,0,1,0,0,0,0,0,0,6,0,2,0,2,1,0,4,1,1,0,2,3,0,0,2,0,3,2,2,1,0,0,0,3,0,1,2,1,6
taxon46,3,7,1,3,0,0,8,1,11,1,2,0,1,1,2,1,0,2,2,0,12,0,8,0,4,0,1,12,0,1,1,10,11,1,3,7,2,11,0,3,7,9,4,0,20,0,3,6,0,11
taxon47,3,4,0,3,0,1,3,1,7,1,1,0,0,2,0,0,0,1,0,0,7,0,1,0,3,1,0,1,0,0,0,1,4,0,0,3,1,2,1,3,0,0,3,0,5,0,1,4,0,0
taxon48,0,0,0,0,0,0,0,0,0,0,0,0,0,0,0,0,0,0,0,0,2,0,3,0,0,0,0,2,0,0,0,0,3,1,0,1,0,0,1,2,1,2,1,0,4,0,0,1,3,4
taxon49,0,0,0,0,0,0,0,0,0,0,0,0,0,0,0,0,0,0,0,0,15,0,9,0,1,3,0,8,1,0,0,17,4,2,1,6,1,11,4,4,8,10,8,1,24,0,5,8,2,12
taxon50,0,0,0,0,0,0,0,0,0,0,0,0,0,0,0,0,0,0,0,0,17,0,3,3,6,3,2,10,0,0,0,17,9,0,0,6,1,10,5,6,6,9,1,0,21,1,2,7,3,11
taxon51,3,3,0,2,1,0,0,0,5,0,0,3,0,0,1,0,1,0,0,0,2,0,4,0,1,0,1,2,1,1,0,6,2,0,0,1,1,2,1,2,1,3,1,0,4,0,0,2,1,3
taxon52,4,13,0,6,1,0,11,0,16,1,0,2,1,2,0,0,0,0,2,1,10,0,4,0,4,1,1,5,0,1,1,16,11,3,1,6,1,6,1,3,10,2,4,1,16,1,5,7,3,12
taxon53,0,1,0,1,0,0,1,0,0,0,0,0,0,0,0,0,0,0,0,0,1,0,3,0,2,2,0,3,0,1,0,0,1,1,0,0,0,1,3,0,1,6,3,0,4,0,6,4,0,3
taxon54,6,1,0,5,1,0,3,0,3,1,0,2,0,0,1,0,0,1,0,0,4,0,1,0,0,0,0,0,0,0,0,7,6,0,0,1,1,3,1,1,2,2,1,0,5,0,2,1,2,4
taxon55,2,1,0,0,1,0,3,0,4,0,0,1,0,1,0,0,0,0,0,0,4,0,0,0,0,1,0,2,0,4,0,2,3,0,0,1,0,2,2,2,0,3,0,0,1,1,1,0,1,5
taxon56,0,0,0,0,0,0,0,0,0,0,0,0,0,0,0,0,0,0,0,0,3,0,3,0,2,0,0,5,0,1,0,1,1,1,0,0,0,2,0,3,0,0,3,0,4,0,2,2,3,4
taxon57,4,3,0,0,0,1,2,0,2,0,0,1,0,1,0,0,0,0,0,0,5,0,2,0,1,0,0,6,0,0,1,4,3,0,0,2,1,0,3,3,1,1,0,0,7,0,1,0,2,5
taxon58,3,4,0,2,0,0,1,1,6,1,0,1,2,1,1,0,0,0,0,0,4,0,1,0,1,0,0,4,0,0,0,4,0,0,1,0,0,2,1,1,2,1,1,0,5,0,2,1,1,5
taxon59,2,9,0,8,0,0,6,2,10,0,0,3,1,3,1,2,0,1,1,0,14,1,7,1,6,3,0,9,0,1,1,16,5,2,0,3,2,8,5,6,9,14,6,0,14,1,6,9,2,9
taxon60,0,4,0,3,0,0,3,0,3,0,0,0,2,2,0,0,0,0,0,0,2,0,4,0,0,1,0,3,0,0,0,0,1,1,0,2,0,3,2,3,2,1,0,0,6,1,2,2,0,3
taxon61,0,0,0,0,0,0,0,0,0,0,0,0,0,0,0,0,0,0,0,0,555,21,302,68,231,94,38,410,0,87,22,569,372,68,24,297,46,417,343,304,319,400,221,20,839,32,208,421,0,649
taxon62,1,1,0,1,0,0,1,0,1,0,1,0,1,1,0,0,0,1,0,0,1,1,4,0,0,2,0,1,0,0,0,2,2,0,0,3,0,3,0,2,0,3,2,0,6,0,0,0,4,5
taxon63,2,3,0,0,1,0,0,0,2,0,0,1,0,0,0,0,0,0,0,0,2,0,0,0,0,0,0,2,0,0,0,1,0,1,1,3,0,3,0,1,1,1,0,0,3,0,2,0,1,7
taxon64,0,1,1,0,0,1,0,0,1,0,1,0,0,0,0,0,0,0,0,0,5,0,1,0,2,0,0,3,0,1,0,0,2,0,0,4,0,1,1,1,1,2,2,0,6,0,3,4,2,4
taxon65,12,9,1,3,1,1,9,1,16,1,0,2,0,1,0,1,1,1,2,1,12,0,7,0,1,0,0,7,0,0,0,16,12,3,0,9,1,8,6,5,5,3,4,1,13,0,3,15,5,13
taxon66,2,2,0,1,0,0,3,0,3,0,1,0,0,2,0,0,0,0,0,0,1,0,3,0,1,0,0,0,0,0,0,6,0,0,0,2,1,3,0,1,0,0,0,0,3,0,0,1,1,5
taxon67,0,1,0,0,0,0,0,0,0,0,0,0,0,1,0,0,0,0,0,0,1,0,2,1,0,1,0,2,0,0,0,2,1,1,0,1,1,4,2,5,0,3,1,0,4,0,1,0,3,3
taxon68,11,1,0,4,0,0,9,0,5,1,1,2,0,3,0,0,0,0,1,0,12,1,5,1,6,3,0,7,1,1,1,7,8,0,0,9,1,11,4,3,5,8,5,0,20,0,8,11,3,7
taxon69,2,2,0,2,0,0,1,1,2,0,0,0,1,0,0,1,0,0,0,1,4,0,1,0,2,0,0,2,0,1,1,3,0,0,0,1,0,0,1,1,1,4,0,0,2,0,1,2,1,3
taxon70,3,11,0,7,1,0,8,0,12,2,0,0,3,2,0,0,0,1,2,1,13,0,5,2,3,3,0,9,0,1,1,11,7,2,1,3,0,7,7,12,8,6,4,2,23,1,4,6,3,16
taxon71,3,2,0,3,0,0,3,0,1,0,0,0,0,0,0,0,0,0,0,0,3,0,0,0,3,0,0,3,0,0,0,0,1,3,0,7,0,1,1,1,2,2,5,0,1,0,5,2,2,10
taxon72,7,8,2,4,0,0,7,1,15,1,1,1,3,4,0,1,0,0,1,0,12,2,4,2,3,3,1,4,0,2,0,11,7,0,2,10,0,5,11,7,7,3,4,0,15,1,6,11,5,11
taxon73,1,4,0,3,0,0,3,0,5,0,0,1,0,0,0,0,0,0,0,2,3,0,0,0,2,0,0,0,0,0,0,1,1,0,0,1,0,1,3,1,3,1,2,0,3,0,3,1,1,0
taxon74,0,3,0,4,0,0,0,0,4,0,0,1,1,1,0,0,0,0,0,0,2,0,1,0,1,0,0,0,0,1,0,0,1,1,1,1,0,2,1,2,1,2,4,0,6,0,3,1,2,3
taxon75,2,3,0,2,0,0,3,0,6,0,0,0,0,0,0,2,0,0,0,0,7,0,1,0,1,1,0,0,0,1,0,2,1,1,1,1,1,1,0,0,1,2,1,0,4,0,3,0,1,4
taxon76,5,6,0,5,1,0,6,0,8,0,2,2,1,1,1,1,1,1,2,0,13,0,4,0,7,4,0,5,1,3,1,9,7,3,0,3,1,7,6,3,6,4,6,0,9,0,4,2,2,8
taxon77,4,2,0,2,0,0,7,1,9,0,0,0,2,2,0,0,0,1,1,1,16,2,6,3,5,1,0,8,1,2,0,8,7,2,1,7,2,8,10,8,9,8,7,0,23,0,7,11,6,11
taxon78,2,0,0,0,0,0,2,0,3,0,0,0,0,0,0,0,0,0,0,0,4,0,0,0,0,1,0,2,0,1,0,4,4,2,0,2,0,2,3,0,2,1,1,0,3,0,1,1,1,1
taxon79,7,6,2,6,1,1,15,0,8,1,1,1,2,3,3,1,0,2,1,0,9,0,3,0,5,0,0,7,0,5,1,9,11,4,1,4,0,8,4,13,7,5,5,1,11,0,7,9,5,21
taxon80,0,0,0,0,0,0,0,0,0,0,0,0,0,0,0,0,0,0,0,0,543,30,337,65,227,79,29,357,31,89,19,553,366,82,27,299,52,500,289,301,296,335,217,17,818,19,216,408,261,664
taxon81,1,1,0,2,0,0,3,0,1,0,1,0,1,1,0,0,1,0,0,1,0,0,1,0,1,0,0,1,1,2,0,4,3,0,1,2,0,1,3,5,1,1,1,0,6,0,2,5,0,5
taxon82,1,0,0,0,1,0,1,0,1,0,0,1,0,0,0,0,0,0,0,0,12,1,5,1,6,3,0,1,2,3,1,13,6,2,0,4,0,10,3,7,6,3,3,1,15,0,4,7,5,12
taxon83,11,14,0,9,2,0,22,3,23,2,0,0,4,3,2,2,2,4,1,2,3,0,1,1,0,0,0,3,0,0,0,0,2,0,0,4,1,5,1,2,1,1,0,0,2,0,1,3,1,2
taxon84,0,1,0,2,1,0,2,0,1,0,0,1,0,0,0,1,0,0,0,0,3,0,0,1,0,0,0,2,0,0,0,2,4,2,1,0,1,3,1,0,1,4,1,0,1,0,1,3,1,5
taxon85,7,6,0,3,1,1,10,0,10,1,0,0,1,2,0,0,1,0,1,0,10,0,4,0,3,1,0,7,1,3,0,13,2,2,1,7,0,8,3,2,2,7,9,0,16,0,1,14,8,12
taxon86,1,2,0,0,1,0,2,0,1,1,0,0,1,0,0,0,0,1,1,0,1,0,1,0,2,0,0,1,0,2,0,1,1,0,1,0,0,1,0,0,0,2,2,0,2,0,3,0,0,2
taxon87,20,28,1,24,4,4,40,2,38,1,3,9,4,8,1,2,0,4,6,3,8,0,7,0,1,1,3,4,1,0,1,14,7,0,0,9,1,10,5,3,2,8,4,0,17,1,4,12,3,12
taxon88,1,1,0,2,1,0,2,0,1,0,1,0,0,1,0,0,0,0,0,1,5,0,2,0,0,2,0,6,0,0,0,3,2,1,0,4,0,0,5,1,4,0,1,1,3,0,0,0,0,1
taxon89,1,1,0,1,0,0,3,0,1,0,0,0,0,0,0,0,0,0,0,0,2,0,1,0,0,0,0,2,0,0,0,6,2,0,0,1,0,4,1,0,1,2,2,0,3,0,0,3,1,1
taxon90,0,1,0,1,0,1,1,0,0,0,0,0,0,0,0,0,0,0,0,0,3,0,1,0,0,0,0,4,0,1,0,3,3,0,0,2,0,5,2,0,2,3,0,0,3,0,2,2,0,5
taxon91,0,0,0,0,0,0,0,0,0,0,0,0,0,0,0,0,0,0,0,0,4,0,3,2,1,0,0,2,0,1,0,2,1,1,0,0,0,3,1,0,4,3,0,0,5,0,1,1,2,1
taxon92,1,2,0,1,1,0,2,1,1,0,0,0,0,0,0,0,0,0,1,0,2,0,2,0,1,0,0,2,0,2,0,3,0,1,0,2,1,1,2,0,3,1,0,0,3,0,5,2,2,5
taxon93,2,3,0,0,0,0,3,0,1,0,0,0,0,0,0,0,0,0,0,0,7,4,5,0,8,3,1,12,0,6,1,12,9,4,1,8,1,7,5,3,13,9,4,1,22,0,3,4,4,16
taxon94,0,0,0,0,0,0,0,0,0,0,0,0,0,0,0,0,0,0,0,0,14,1,6,1,6,1,0,10,1,1,1,10,9,2,0,5,0,8,4,2,4,4,4,0,21,0,3,8,4,8
taxon95,36,50,1,30,3,13,48,9,69,6,5,12,10,18,4,6,6,3,12,4,10,2,5,0,5,0,0,11,0,3,0,9,5,2,1,11,0,11,6,4,2,8,4,0,17,0,4,6,7,16
taxon96,4,5,0,2,0,0,3,0,3,1,0,0,0,0,0,0,1,0,0,0,14,0,9,0,4,0,2,6,0,3,0,9,6,0,1,4,0,4,4,3,4,4,2,1,13,0,4,7,4,11
taxon97,2,1,0,2,0,0,1,0,3,0,0,0,0,2,0,0,1,0,0,0,3,0,1,0,3,0,0,2,0,0,0,2,3,0,0,2,0,2,3,1,1,3,1,0,5,0,0,3,1,1
taxon98,0,1,0,2,0,0,0,0,3,0,0,0,0,0,1,0,0,0,0,0,1,0,4,0,1,0,0,1,0,1,1,3,2,1,0,1,0,1,1,2,1,1,3,1,5,0,1,0,4,5
taxon99,6,10,0,3,1,1,4,2,7,1,3,1,1,5,1,0,0,1,3,0,8,0,1,2,3,4,0,2,0,3,0,12,11,2,2,2,1,6,11,4,4,5,5,1,14,0,4,7,3,13
taxon100,9,8,0,6,0,0,12,0,14,2,1,5,1,0,1,2,0,1,0,0,10,2,6,0,5,0,1,9,0,1,0,9,6,0,2,4,1,12,7,6,4,12,5,0,14,0,7,9,5,13
taxon101,1,3,0,0,0,0,1,0,3,0,1,0,0,1,0,0,0,1,1,0,14,0,7,4,1,1,0,6,0,0,0,13,9,0,1,6,0,9,8,8,4,9,5,1,18,0,3,10,0,16
taxon102,1,4,0,1,0,1,0,0,3,0,0,0,2,0,0,0,1,0,0,0,3,0,0,0,1,1,0,2,0,0,0,7,2,0,0,4,0,1,2,2,0,4,0,0,6,0,1,0,1,4
taxon103,0,1,0,2,0,1,4,0,4,1,0,0,0,2,0,0,0,0,0,0,2,1,3,0,0,0,0,1,0,0,0,4,2,0,0,1,0,0,1,2,2,2,3,0,8,0,0,2,2,3
taxon104,296,406,26,280,29,29,423,42,559,31,48,115,57,89,32,33,25,36,62,37,547,21,313,64,234,98,25,383,34,98,20,550,364,76,26,281,62,438,307,264,321,392,259,26,908,21,237,404,236,718
taxon105,3,5,1,8,0,0,8,2,10,1,2,1,2,0,0,0,1,1,2,2,8,1,5,0,4,0,1,7,1,3,0,12,8,4,1,7,2,11,6,15,6,3,2,1,19,0,4,7,2,8
taxon106,2,1,0,3,0,1,7,0,1,0,0,0,3,0,1,0,1,0,1,0,2,0,2,2,0,0,0,2,0,0,1,2,2,1,0,2,0,1,1,0,0,3,2,0,6,0,3,1,1,5
taxon107,1,0,0,1,0,0,4,1,2,0,0,1,0,1,1,0,0,0,0,0,5,0,2,0,3,0,0,2,0,0,0,0,1,0,0,1,0,2,2,1,1,0,2,0,5,0,0,1,0,2
taxon108,2,2,0,1,0,0,2,0,1,0,0,0,0,0,0,2,0,1,0,1,2,0,3,1,1,0,0,2,1,0,0,2,2,0,0,0,1,4,2,2,2,5,3,1,4,0,1,2,3,4
taxon109,260,321,23,229,37,36,367,32,444,35,36,99,46,105,34,34,27,44,72,31,570,24,293,58,205,86,22,379,27,96,15,546,401,96,25,273,72,472,313,276,288,398,228,29,832,15,199,408,244,706
taxon110,0,0,0,0,0,0,0,0,0,0,0,0,0,0,0,0,0,0,0,0,1,0,1,2,1,1,0,1,0,0,0,2,4,0,0,1,0,4,3,2,2,4,2,0,7,0,1,4,1,5
taxon111,53,62,5,57,6,10,91,9,98,7,8,20,16,21,3,13,2,9,11,9,551,23,316,56,223,71,25,381,43,94,26,570,362,86,27,278,48,394,286,266,322,371,277,28,802,18,237,402,275,732
taxon112,11,9,0,15,0,2,10,0,9,1,1,2,4,6,0,2,1,3,2,1,15,0,2,0,4,1,0,6,0,0,1,8,8,3,0,7,1,7,6,5,7,12,4,0,18,0,2,10,2,10
taxon113,0,2,0,1,0,0,3,0,3,0,0,1,0,0,0,1,0,0,1,0,3,0,1,0,0,0,0,3,0,0,0,2,2,0,0,0,1,3,3,2,3,0,2,0,3,0,3,4,2,5
taxon114,0,2,0,2,0,0,2,1,5,0,0,0,2,2,0,0,0,1,0,0,0,0,0,0,2,1,0,2,1,0,1,0,1,0,0,0,0,0,0,0,0,1,1,0,6,0,0,2,3,4
taxon115,6,7,0,3,0,0,2,0,4,0,0,1,2,1,0,0,0,3,1,1,2,0,0,0,2,1,0,0,0,0,0,0,3,0,0,5,0,2,1,1,4,3,2,1,5,0,0,0,2,3
taxon116,1,2,1,0,1,0,5,0,0,1,0,2,0,3,0,1,0,0,0,0,6,0,2,1,1,1,0,3,0,0,1,2,1,0,1,3,0,4,5,1,1,2,3,1,7,0,1,1,4,8
taxon117,5,8,0,5,0,0,6,0,10,0,0,0,4,1,3,1,0,0,2,2,17,0,6,1,7,2,0,8,1,1,0,19,4,3,0,10,0,12,4,8,6,5,7,0,14,2,2,2,9,17
taxon118,0,1,0,0,1,0,3,0,3,0,0,0,1,1,0,0,0,0,0,0,1,0,3,0,0,0,0,0,0,0,0,6,2,1,0,4,0,4,4,1,1,1,0,0,6,0,1,3,0,5
taxon119,0,0,0,0,0,0,0,0,0,0,0,0,0,0,0,0,0,0,0,0,2,0,2,0,0,1,0,3,1,0,0,5,2,0,0,0,0,4,1,2,3,2,3,0,5,1,1,4,1,2
taxon120,2,1,0,1,1,0,5,0,9,0,0,1,1,1,0,0,0,1,2,0,6,1,9,0,2,1,1,1,0,0,0,10,3,3,2,2,1,4,5,4,6,9,5,0,16,0,0,3,4,16
taxon121,0,0,0,0,0,0,0,0,0,0,0,0,0,0,0,0,0,0,0,0,546,24,280,76,210,84,32,366,33,79,23,536,384,102,21,295,49,422,294,251,287,430,224,32,846,29,239,436,286,694
taxon122,0,2,1,3,0,0,0,0,2,0,0,0,0,0,0,0,0,0,1,0,3,0,1,0,1,0,0,2,0,2,0,1,2,0,0,1,0,2,3,1,1,1,1,0,2,0,0,3,1,3
taxon123,0,0,0,0,0,0,0,0,0,0,0,0,0,0,0,0,0,0,0,0,2,0,2,0,3,1,0,3,0,0,0,3,3,1,0,1,0,2,1,4,2,6,1,0,2,0,2,0,1,6
taxon124,0,0,0,0,0,0,0,0,0,0,0,0,0,0,0,0,0,0,0,0,4,0,2,0,3,1,1,4,1,0,0,5,1,0,0,2,0,1,1,1,0,0,2,0,2,0,0,1,1,4
taxon125,5,7,0,7,2,0,4,0,11,1,1,2,0,0,0,0,0,1,1,1,10,1,8,0,1,4,0,9,0,3,0,15,10,2,0,12,2,13,8,2,9,5,8,0,14,1,6,9,5,14
taxon126,2,1,0,2,0,0,6,1,3,0,0,0,1,0,0,0,0,0,0,1,2,0,0,0,1,1,0,1,0,0,0,2,4,0,0,1,0,3,1,1,1,3,0,0,5,0,2,3,2,1
taxon127,1,1,0,0,0,0,2,0,1,1,0,0,0,2,0,0,0,0,0,0,2,0,0,0,1,1,0,3,0,1,0,3,1,1,0,1,0,4,2,1,0,3,1,0,6,0,1,3,0,0
taxon128,2,2,0,2,0,0,2,0,2,0,0,0,0,0,0,0,0,0,2,0,2,0,0,0,1,0,0,2,0,0,1,1,1,0,0,0,1,3,0,3,0,4,1,0,3,0,3,1,0,4
taxon129,1,0,0,2,0,0,0,0,2,0,0,0,0,0,0,0,0,0,0,0,1,0,0,0,1,0,0,0,0,0,0,4,1,0,0,1,0,4,1,1,1,3,1,1,2,1,3,0,0,1
taxon130,0,1,0,0,0,0,1,0,2,0,0,1,0,0,0,1,0,0,0,0,1,0,0,0,0,0,0,1,0,0,0,1,1,0,0,3,0,1,2,1,2,2,2,0,5,0,0,1,0,0
taxon131,1,0,0,2,0,0,1,1,3,0,0,1,2,2,0,1,0,0,1,0,1,0,1,0,1,1,0,2,0,0,0,5,0,0,0,2,0,0,1,3,2,1,1,0,2,0,0,0,2,3
taxon132,0,1,1,0,0,0,3,0,3,0,0,0,0,1,0,0,0,0,0,0,1,0,0,0,0,0,0,0,0,1,0,0,1,0,0,1,0,2,0,3,1,0,1,0,3,0,1,5,3,5
taxon133,0,1,0,0,0,1,0,0,1,1,0,0,0,2,0,1,1,0,0,0,3,0,3,1,1,0,0,1,0,0,0,2,4,0,0,0,0,4,4,3,2,3,1,0,3,0,0,2,2,1
taxon134,0,0,0,0,0,0,0,0,0,0,0,0,0,0,0,0,0,0,0,0,11,0,7,0,3,1,0,4,0,4,0,13,9,1,0,6,1,8,5,8,6,8,6,0,15,0,2,7,0,8
taxon135,271,417,31,281,40,34,403,39,513,24,43,117,71,111,29,36,22,57,61,49,561,21,319,64,199,91,22,369,35,70,30,534,359,79,23,280,54,429,270,277,293,364,238,20,811,17,199,423,265,682
taxon136,0,3,0,0,0,0,1,0,0,0,0,0,0,0,0,0,0,0,1,0,5,0,3,0,2,0,0,5,0,1,1,0,4,1,0,2,0,1,1,3,1,0,2,0,6,0,0,3,0,4
taxon137,4,1,0,2,0,0,2,0,3,0,1,2,0,1,0,0,0,0,0,0,4,0,3,0,2,0,0,5,0,1,0,2,1,1,0,2,0,2,1,2,1,1,1,0,0,0,0,0,2,0
taxon138,6,20,1,4,0,1,18,1,27,1,2,3,2,6,1,4,2,2,2,2,1,0,0,0,3,1,0,1,0,0,0,3,4,0,0,3,0,3,0,1,2,1,2,0,4,1,2,5,2,5
taxon139,270,397,30,260,41,38,401,37,544,48,31,105,79,102,27,38,21,41,72,30,626,31,318,71,198,87,22,387,0,91,21,571,334,76,21,269,69,457,275,277,302,363,241,27,905,25,203,402,0,722
taxon140,0,2,0,1,0,1,1,0,4,0,0,1,0,0,0,0,0,0,0,0,5,0,5,0,1,0,0,1,0,0,0,4,3,0,0,1,1,2,3,0,2,1,3,0,5,0,2,2,2,5
taxon141,4,7,1,10,1,1,7,0,15,4,0,6,1,1,0,2,0,1,0,1,13,0,4,2,2,2,0,8,1,2,0,9,17,1,1,5,1,4,11,11,8,5,6,0,16,1,8,9,6,12
taxon142,11,8,1,1,1,1,11,0,15,2,0,2,0,3,0,0,1,3,0,2,10,0,2,3,4,1,0,7,0,2,0,5,8,1,2,8,1,8,5,7,6,8,4,1,12,0,3,7,0,11
taxon143,3,2,1,1,0,0,4,0,5,0,0,1,0,0,1,0,0,0,0,0,6,0,1,0,2,0,0,5,0,0,0,4,1,2,0,1,0,0,3,1,1,1,3,0,3,0,3,2,0,5
taxon144,1,1,0,2,0,0,2,2,8,0,0,0,0,0,0,0,0,0,0,0,1,0,1,1,0,0,0,1,1,0,0,1,1,0,1,0,0,3,0,3,1,4,2,0,4,0,1,3,1,6
taxon145,9,7,0,8,1,1,13,0,12,2,1,2,1,2,0,2,0,4,2,1,12,0,9,2,8,4,2,7,1,3,1,9,5,0,3,6,0,7,3,4,9,9,5,0,20,0,3,7,3,14
taxon146,0,1,0,2,3,0,2,0,1,1,0,0,0,1,0,0,0,0,0,0,2,0,3,0,0,1,0,0,0,0,0,3,0,0,0,2,0,5,0,1,0,4,3,0,5,0,1,2,3,1
taxon147,1,1,0,0,0,0,3,0,4,0,0,1,0,0,1,0,0,0,2,0,5,0,1,0,0,2,0,1,0,0,0,1,0,0,0,3,1,2,1,3,1,2,0,0,7,0,0,3,0,3
taxon148,0,0,0,0,0,0,0,0,0,0,0,0,0,0,0,0,0,0,0,0,15,1,2,2,8,1,0,4,1,2,0,7,6,2,0,6,1,12,5,9,6,11,6,1,14,0,2,12,6,14
taxon149,0,1,0,0,0,2,1,0,4,0,0,1,1,0,0,0,0,1,1,0,0,0,2,0,1,0,0,2,0,1,0,3,3,0,0,1,0,1,1,1,1,1,2,0,3,1,1,4,2,3
taxon150,0,0,0,0,0,0,0,0,0,0,0,0,0,0,0,0,0,0,0,0,14,1,6,3,6,0,1,7,0,4,0,5,3,0,0,6,1,9,5,3,6,6,3,0,15,0,1,9,5,15
taxon151,6,5,2,5,0,1,6,1,9,2,1,1,3,0,0,2,1,2,2,0,6,0,3,1,6,2,0,11,0,2,1,8,12,4,1,8,0,9,6,6,6,6,5,0,20,0,5,7,7,13
taxon152,2,2,0,2,0,0,2,0,3,0,0,0,0,0,0,0,0,1,1,0,3,0,1,1,1,0,0,0,0,1,0,3,0,0,0,0,0,0,1,1,2,4,0,0,6,0,0,3,0,3
taxon153,1,3,0,1,0,0,2,0,3,0,1,0,0,1,0,0,0,0,1,0,2,1,1,0,0,0,0,2,0,1,0,1,1,0,0,1,0,1,1,1,1,3,2,0,4,0,1,0,0,6
taxon154,0,0,0,0,0,0,0,0,0,0,0,0,0,0,0,0,0,0,0,0,1,0,3,0,2,0,0,0,0,0,0,2,1,2,0,3,1,2,0,1,2,0,3,1,5,0,1,2,0,4
taxon155,1,4,0,1,0,0,2,0,8,0,2,0,2,0,0,0,0,0,0,0,4,1,0,1,0,0,0,4,1,0,0,3,2,1,0,1,0,1,2,2,4,1,1,0,7,0,0,6,2,5
taxon156,0,0,0,0,0,0,0,0,0,0,0,0,0,0,0,0,0,0,0,0,4,0,1,0,1,3,0,3,0,1,0,4,3,0,0,0,1,2,3,0,3,2,4,0,2,0,0,1,2,6
taxon157,2,2,0,0,1,0,1,0,0,0,0,0,0,0,0,0,0,1,0,0,4,1,1,0,1,0,0,3,0,0,0,3,3,1,0,2,1,0,1,4,0,2,2,0,4,0,0,1,1,0
taxon158,0,2,0,0,0,1,2,1,1,0,0,2,0,0,0,0,0,0,0,0,7,0,0,0,3,1,0,3,0,1,0,2,1,0,0,0,1,0,4,1,2,2,1,0,4,0,0,2,0,3
taxon159,2,4,1,2,1,0,0,0,3,0,0,0,0,0,0,0,0,0,0,0,2,0,1,0,1,1,0,4,1,1,0,4,0,0,1,0,0,3,1,1,3,0,0,0,7,0,1,2,2,5
taxon160,0,0,0,0,0,0,0,0,0,0,0,0,0,0,0,0,0,0,0,0,2,0,1,0,4,1,0,2,0,1,0,2,2,0,0,0,1,3,4,1,1,2,3,0,6,0,0,0,0,2
taxon161,0,3,0,1,0,0,4,1,3,0,0,0,0,0,0,0,0,1,3,0,6,0,2,0,0,0,0,3,0,0,0,0,3,1,0,0,0,2,2,2,1,0,1,0,0,0,0,2,1,1
taxon162,9,10,1,7,2,0,6,0,11,1,1,2,2,1,1,0,0,1,1,0,12,0,4,0,4,2,0,5,0,0,0,11,8,3,0,5,1,7,5,6,7,4,3,1,18,2,4,11,3,11
taxon163,1,1,0,0,1,1,1,0,5,0,0,1,1,0,1,0,0,0,0,0,3,0,3,0,2,0,0,2,0,1,1,2,1,0,1,0,0,2,0,0,4,0,1,0,6,1,1,4,1,1
taxon164,8,4,1,8,0,0,5,0,4,0,1,2,5,1,1,0,0,0,3,2,8,0,8,0,3,3,2,8,2,2,0,5,4,1,0,7,1,4,6,3,5,4,7,1,14,1,7,10,4,10
taxon165,52,72,3,45,7,5,75,6,103,15,7,24,9,23,3,9,4,12,15,4,10,0,4,2,9,1,1,10,0,2,0,14,9,1,0,3,1,10,4,6,6,12,4,0,20,0,5,8,9,19
taxon166,2,1,1,1,0,0,1,0,2,0,0,0,2,1,0,0,0,0,0,0,3,0,0,0,1,0,0,4,0,1,0,2,2,0,0,1,0,5,2,1,2,4,0,1,6,0,1,2,0,3
taxon167,3,4,0,1,0,0,0,2,2,0,0,1,1,1,1,0,0,0,0,0,6,0,1,0,2,0,0,5,0,0,0,3,4,0,1,2,0,5,1,4,1,3,2,0,2,1,0,1,0,2
taxon168,1,0,0,1,0,0,0,0,1,0,0,1,1,2,0,0,0,0,1,0,4,0,0,0,3,0,0,1,0,0,0,8,2,0,0,2,0,2,5,1,2,1,2,0,4,0,1,3,2,2
taxon169,3,9,2,3,0,0,15,0,10,0,0,0,0,2,1,2,0,1,2,0,16,0,4,2,1,2,1,5,2,1,0,7,6,1,0,8,2,4,8,5,3,5,6,1,23,0,4,6,5,12
taxon170,1,2,0,0,1,0,3,0,0,1,0,1,0,0,0,1,0,0,0,0,2,0,2,0,1,1,0,1,0,0,0,3,2,0,0,1,0,4,1,1,4,1,1,0,6,0,3,3,1,1
taxon171,2,7,0,3,2,1,7,0,12,1,0,2,0,1,0,0,0,1,1,1,12,2,5,3,1,4,0,10,0,0,0,11,10,1,0,9,3,8,8,9,5,6,4,0,13,0,5,10,7,9
taxon172,7,11,0,13,0,1,11,1,9,0,0,1,0,1,0,1,0,0,0,2,12,1,6,0,4,0,1,6,0,3,1,12,7,0,0,6,1,8,8,5,4,6,8,1,9,0,1,10,3,20
taxon173,3,5,1,5,0,0,9,1,20,0,0,1,2,5,0,0,0,0,2,0,11,0,6,0,4,1,1,9,2,3,1,11,9,0,0,4,0,10,4,7,8,8,4,1,16,0,2,5,9,17
taxon174,2,2,0,0,0,0,0,0,1,0,0,0,0,0,0,0,0,0,0,0,3,0,0,0,1,0,0,6,0,0,1,3,0,0,0,1,0,4,1,2,1,3,3,0,4,0,1,3,0,7
taxon175,0,4,0,3,0,0,3,0,3,1,1,0,2,0,0,0,0,0,1,0,2,0,1,0,1,1,0,0,0,2,0,2,2,2,0,2,0,0,1,1,0,0,0,0,5,0,0,3,2,3
taxon176,7,9,0,8,1,2,9,1,7,1,0,3,1,0,2,2,0,1,2,1,8,0,11,1,8,1,0,11,0,2,1,12,6,2,1,4,1,14,13,3,2,7,2,0,17,0,12,8,6,13
taxon177,8,8,0,6,2,0,6,0,14,0,0,2,1,2,0,0,1,0,1,0,19,0,12,1,6,4,0,7,2,2,2,8,3,2,0,5,0,18,8,8,9,7,3,0,23,0,3,5,4,13
taxon178,2,5,0,3,2,1,2,0,8,0,1,4,1,1,2,1,0,0,2,0,11,0,5,3,10,1,1,12,1,1,0,17,5,0,0,3,2,6,8,4,5,8,4,1,20,1,6,12,4,22
taxon179,2,5,0,5,0,0,6,1,7,0,0,1,2,0,1,0,1,0,1,1,16,0,9,1,6,1,0,8,0,3,0,11,10,0,1,5,2,9,5,3,4,10,3,1,18,0,9,5,4,10
taxon180,270,426,31,285,33,34,375,28,523,31,36,109,61,115,25,41,39,43,83,35,564,35,332,51,215,89,20,391,18,95,25,517,371,79,20,295,57,419,313,273,338,356,250,30,833,15,214,397,260,681
taxon181,0,0,0,0,0,0,0,0,0,0,0,0,0,0,0,0,0,0,0,0,3,0,1,0,0,0,0,0,0,0,0,7,1,0,0,1,0,2,2,2,0,1,0,0,6,0,0,2,1,5
taxon182,0,2,1,0,0,0,1,0,1,0,0,0,0,0,0,0,0,1,0,0,1,0,0,0,2,2,0,2,0,0,0,4,3,0,0,3,0,0,2,1,3,0,0,0,2,0,1,4,0,3
taxon183,8,10,0,8,1,0,7,0,5,1,1,3,3,3,0,0,1,0,1,1,11,0,5,1,1,3,0,9,0,2,1,12,5,2,0,6,0,4,4,7,4,5,5,2,14,0,8,6,5,11
taxon184,3,2,0,3,0,0,2,0,3,0,0,1,0,1,0,0,0,0,0,0,4,0,2,0,1,1,0,7,0,2,0,2,5,0,0,1,0,2,1,1,0,2,2,0,6,0,1,2,3,3
taxon185,0,2,0,0,1,0,1,0,6,0,0,1,0,1,0,0,0,0,1,0,12,0,5,2,5,4,0,7,0,1,0,13,12,1,1,4,3,17,10,5,5,5,6,1,18,1,3,13,3,12
taxon186,1,0,0,0,0,0,0,0,1,0,0,0,0,0,0,1,0,0,0,0,2,0,1,0,1,0,0,0,0,0,0,2,2,0,0,3,0,2,2,1,4,6,2,0,5,0,2,2,1,5
taxon187,1,1,0,0,0,0,0,0,1,0,0,0,0,1,0,0,0,0,0,1,8,0,12,1,7,3,0,5,1,1,1,10,6,1,0,7,0,7,10,3,6,5,5,0,16,1,5,12,3,18
taxon188,0,0,0,0,0,0,0,0,0,0,0,0,0,0,0,0,0,0,0,0,12,0,8,0,2,1,0,6,1,1,2,8,8,2,0,3,3,13,3,8,7,5,2,2,13,1,0,13,2,15
taxon189,0,0,0,0,0,0,0,0,0,0,0,0,0,0,0,0,0,0,0,0,559,19,316,65,210,83,30,358,34,85,17,538,364,84,21,288,54,452,274,309,309,386,234,29,855,17,196,403,261,645
taxon190,0,1,0,1,1,0,3,0,2,0,0,0,0,1,0,1,0,0,0,0,2,0,1,0,2,0,0,4,0,1,0,4,2,0,0,2,0,0,1,2,0,3,0,0,5,0,1,2,3,1
taxon191,0,0,0,0,0,0,0,0,0,0,0,0,0,0,0,0,0,0,0,0,13,1,8,1,4,1,0,6,1,0,0,11,2,1,0,4,3,8,4,5,6,12,7,1,19,0,6,7,3,13
taxon192,1,6,0,1,0,0,1,0,2,0,0,0,0,2,0,0,0,0,0,0,6,0,1,0,1,0,0,1,0,2,0,0,3,0,0,0,0,1,1,0,1,4,2,0,8,0,1,1,1,3
taxon193,3,1,0,6,0,0,2,0,2,0,0,1,0,2,0,0,0,0,1,1,9,1,2,0,5,1,0,0,0,0,0,3,4,0,0,1,0,5,0,4,1,5,1,0,4,0,1,1,2,6
taxon194,253,358,30,238,30,39,361,41,456,37,32,104,52,120,24,28,18,25,59,35,562,15,318,53,230,78,20,433,25,95,29,571,371,84,20,301,59,406,298,274,297,365,261,25,817,9,261,428,290,710
taxon195,0,2,0,3,0,0,3,1,2,0,0,0,0,3,0,0,0,0,0,0,1,0,5,0,6,0,0,3,0,1,0,2,1,1,0,1,0,2,1,1,0,1,1,0,6,0,0,0,1,3
taxon196,0,2,0,1,0,0,1,0,2,0,0,0,1,0,1,0,0,1,1,0,3,1,0,1,1,0,0,0,0,0,0,2,1,0,0,0,0,0,0,2,2,0,1,0,2,1,2,5,1,1
taxon197,0,3,0,0,0,0,3,0,1,0,0,1,0,1,0,0,1,0,0,0,5,0,3,0,1,0,0,6,1,0,0,4,3,1,0,3,2,2,2,2,3,1,0,0,6,1,1,2,2,6
taxon198,6,7,0,6,1,1,8,1,11,1,2,1,1,1,1,2,0,2,0,0,10,1,9,0,4,1,0,8,0,2,0,7,6,2,0,5,0,5,4,5,5,4,5,0,20,1,3,8,4,11
taxon199,2,0,0,1,0,0,1,0,3,0,0,0,0,2,0,0,1,0,0,0,1,0,1,1,0,1,0,2,1,2,0,4,1,0,1,1,0,0,1,1,4,3,2,0,3,0,1,1,2,4
taxon200,4,8,0,1,1,1,7,0,8,2,0,2,3,1,1,0,0,0,0,2,9,1,6,2,2,0,0,6,0,1,2,10,7,1,3,7,0,10,2,7,4,5,2,0,20,0,7,7,4,16
taxon201,0,1,2,0,0,2,1,0,3,0,0,0,1,1,0,0,0,0,0,1,3,0,3,1,3,0,0,4,1,0,0,2,1,0,0,2,0,2,0,1,2,1,0,0,5,0,1,2,4,5
taxon202,0,0,0,0,0,0,0,0,0,0,0,0,1,0,0,0,0,0,0,0,3,0,0,1,1,0,0,1,0,1,0,7,2,0,1,3,0,3,2,0,0,0,0,0,7,0,1,2,2,8
taxon203,0,2,1,0,0,0,0,0,3,0,0,0,0,0,1,0,2,0,1,1,3,0,2,0,4,1,0,0,1,0,0,3,1,0,0,0,0,1,0,1,2,1,0,1,5,0,1,1,0,2
taxon204,0,0,0,0,0,0,0,0,0,0,0,0,0,0,0,0,0,0,0,0,2,0,3,0,1,0,0,3,0,0,0,3,2,1,0,0,0,4,2,0,1,2,0,0,4,0,1,0,1,3
taxon205,2,1,0,2,0,0,3,0,2,0,0,2,0,0,0,0,0,0,0,0,1,0,1,0,0,0,0,3,0,0,0,4,1,0,0,2,0,2,1,0,1,0,1,0,2,0,0,1,4,5
taxon206,5,1,0,2,0,1,0,0,0,0,0,0,0,0,0,0,0,1,0,0,0,1,0,0,0,0,0,4,0,0,0,3,1,0,1,3,1,2,2,2,1,3,1,0,3,0,1,1,0,5
taxon207,1,2,1,3,1,0,4,1,6,0,0,1,0,1,0,0,1,0,0,3,4,0,0,0,3,2,0,0,0,1,0,4,2,0,0,3,0,1,1,1,0,2,3,2,7,1,0,0,1,3
taxon208,5,2,0,3,0,0,1,0,3,0,0,0,2,1,0,0,0,0,0,0,1,0,1,0,0,0,0,1,0,0,0,3,3,1,0,1,0,2,3,1,1,2,1,0,3,0,0,3,1,0
taxon209,0,0,0,0,0,0,0,0,0,0,0,0,0,0,0,0,0,0,0,0,3,0,0,0,1,0,0,3,0,2,0,6,2,1,0,3,0,4,1,4,1,2,1,0,7,0,1,3,0,3
taxon210,8,10,0,6,1,0,14,0,15,2,0,3,2,1,1,0,0,0,2,0,11,0,8,0,5,2,0,9,0,2,0,17,8,0,0,14,3,9,3,7,12,5,6,0,13,0,8,5,0,15
taxon211,0,0,0,0,0,0,0,0,0,0,0,0,0,0,0,0,0,0,0,0,635,26,296,69,234,90,21,405,40,69,21,527,343,88,29,283,52,414,279,283,303,370,239,36,800,17,217,416,256,715
taxon212,1,2,0,1,0,0,0,0,1,0,0,0,0,0,0,0,0,0,0,0,3,0,2,0,0,0,0,2,0,0,0,2,1,0,0,0,0,1,1,2,1,2,1,0,4,0,0,0,1,2
taxon213,6,6,1,5,2,0,6,0,17,3,1,4,1,3,3,0,0,0,3,0,14,0,4,1,5,4,0,10,1,3,0,9,11,1,1,4,1,10,5,7,5,6,8,0,19,0,4,14,7,16
taxon214,264,409,21,267,39,41,390,36,577,49,56,117,72,125,36,26,26,46,78,30,541,18,305,51,210,88,25,379,43,90,18,537,389,89,20,300,50,467,310,268,302,367,261,26,851,19,225,409,240,723
taxon215,5,4,0,3,0,0,5,1,16,1,0,1,0,3,0,0,0,2,1,2,10,1,5,0,4,2,0,7,1,3,0,17,8,0,0,7,4,10,3,3,6,14,5,0,13,0,6,13,2,9
taxon216,12,9,2,6,1,0,10,1,16,1,3,5,0,5,2,0,1,1,3,0,5,0,1,0,2,0,0,5,0,2,0,1,1,0,0,0,0,4,2,2,1,1,0,1,3,0,2,2,3,5
taxon217,2,6,1,3,2,0,2,0,3,0,0,1,0,0,1,0,0,0,0,0,10,0,7,0,4,2,2,8,0,2,1,15,8,0,0,4,0,13,6,9,8,9,3,0,13,0,2,5,6,15
taxon218,269,414,31,275,48,41,350,28,564,29,44,112,84,133,45,39,27,50,79,27,570,26,303,59,229,74,26,391,39,89,18,490,365,84,28,282,59,416,297,281,298,381,254,23,853,16,211,371,260,683
taxon219,283,376,19,319,35,48,371,55,570,45,44,121,61,114,27,42,35,41,76,40,588,18,326,59,229,104,35,416,35,86,20,529,375,77,30,292,50,450,304,297,278,429,229,20,884,24,222,410,273,725
taxon220,0,0,0,1,0,0,1,0,2,0,0,0,0,0,0,0,0,0,0,0,2,0,2,0,1,0,0,1,1,0,0,3,4,1,1,2,0,0,1,2,1,0,2,1,6,0,0,1,1,2
taxon221,0,0,0,0,0,0,0,0,0,0,0,0,0,0,0,0,0,0,0,0,3,0,0,0,2,3,1,2,1,1,1,4,2,1,0,2,0,3,0,1,3,1,2,0,5,1,4,5,3,4
taxon222,0,1,0,2,2,0,2,0,1,0,1,0,0,0,1,0,0,2,0,0,1,0,1,0,0,2,0,0,0,1,0,4,2,0,0,0,0,1,0,1,1,6,1,1,3,0,0,3,3,4
taxon223,0,2,0,0,0,0,1,0,5,0,0,3,0,1,1,0,0,1,0,0,1,0,0,0,0,1,0,2,1,0,0,2,4,0,0,0,0,2,2,1,1,2,2,0,2,0,3,2,1,3
taxon224,2,3,0,0,0,0,1,0,3,0,0,0,0,0,1,0,0,1,1,0,0,1,1,0,0,0,0,1,1,0,0,2,5,0,0,3,1,3,0,1,2,0,0,1,2,0,2,4,6,3
taxon225,307,369,21,271,39,49,384,43,558,27,38,100,66,131,44,42,34,41,77,31,559,29,336,61,214,87,27,377,32,92,17,572,388,66,34,273,47,433,345,241,286,359,201,21,811,27,236,372,274,708
taxon226,0,0,0,0,0,0,0,0,0,0,0,0,0,0,0,0,0,0,0,0,0,0,3,0,2,0,1,0,0,0,0,2,5,0,0,3,0,2,1,1,1,1,2,1,3,0,0,2,1,3
taxon227,1,1,1,0,0,0,1,0,3,1,0,2,1,0,0,0,0,0,0,0,0,0,1,0,1,1,0,1,0,0,0,1,2,0,0,2,0,0,1,0,3,1,2,0,6,0,1,3,3,3
taxon228,1,1,0,2,0,0,0,0,1,1,0,0,0,0,0,0,0,0,0,0,3,0,0,0,1,2,0,3,0,0,1,1,5,1,0,2,1,2,3,3,2,3,0,0,7,0,4,1,1,4
taxon229,3,1,0,4,0,1,1,0,1,0,0,0,1,1,0,0,0,0,0,1,1,0,3,1,1,0,0,1,0,0,0,4,2,0,0,1,0,1,1,2,0,1,3,1,5,0,1,1,1,2
taxon230,3,5,1,6,3,0,7,1,12,1,1,1,2,1,0,1,0,2,0,1,8,0,8,3,3,0,0,6,1,3,0,6,8,0,2,3,0,11,8,4,9,3,7,0,15,0,3,9,9,12
taxon231,0,1,0,2,0,1,2,0,4,2,0,1,0,0,0,0,0,0,0,0,4,0,1,1,0,0,0,1,1,0,0,1,3,0,0,3,1,3,2,0,0,2,0,0,6,0,2,1,0,2
taxon232,2,1,0,0,0,0,1,1,3,1,0,1,0,0,1,1,0,0,0,0,2,0,1,1,2,0,0,4,0,1,0,2,0,0,1,0,0,3,2,0,2,4,1,1,7,0,0,5,3,4
taxon233,1,0,0,1,0,0,3,0,4,0,0,0,0,0,0,0,0,0,1,1,6,0,2,0,1,0,1,0,0,1,0,2,3,1,0,1,1,5,1,2,1,1,0,0,4,0,2,3,5,2
taxon234,1,0,0,2,0,0,3,2,6,1,2,1,0,3,0,0,0,0,0,0,16,0,5,1,3,2,1,2,1,1,0,9,11,2,0,8,0,8,7,6,4,9,8,1,26,0,7,10,6,13
taxon235,10,12,1,13,1,4,9,0,19,3,0,3,2,5,0,0,2,3,2,4,1,0,1,0,3,0,0,3,0,0,0,3,2,0,0,0,0,1,3,0,3,2,0,1,3,0,0,2,0,0
taxon236,7,10,0,8,2,0,6,0,9,0,1,3,3,2,1,2,1,2,2,2,13,0,8,1,3,2,0,10,2,0,0,7,7,3,0,4,0,9,5,4,9,5,1,0,12,1,8,9,2,13
taxon237,8,8,1,3,0,2,6,0,8,3,2,1,0,0,1,1,1,2,0,0,2,1,11,0,2,1,0,5,0,1,1,9,8,0,0,7,0,9,7,3,9,16,4,0,19,1,5,9,7,9
taxon238,1,5,0,0,0,0,3,1,2,0,0,0,0,1,0,0,0,0,0,0,1,0,2,2,2,0,0,3,0,0,0,5,2,0,1,2,0,0,2,0,1,1,2,1,6,0,0,2,0,4
taxon239,2,2,0,3,1,1,2,1,1,0,0,2,0,0,1,1,0,0,1,1,4,0,2,0,2,0,0,1,0,1,0,1,1,1,0,2,1,3,3,2,3,2,1,0,1,0,0,1,0,1
taxon240,0,2,0,1,0,1,1,1,4,0,0,0,0,2,0,1,0,0,1,0,4,0,3,1,1,0,0,1,0,0,0,1,2,1,0,2,0,1,1,0,1,0,0,0,2,0,2,3,1,4
taxon241,1,1,1,2,0,1,1,0,3,0,0,0,0,0,0,1,0,0,0,0,1,0,1,1,0,1,0,4,1,0,1,2,2,0,0,1,0,3,1,2,1,1,0,0,3,0,0,1,0,6
taxon242,2,3,0,1,1,0,2,0,2,0,0,0,3,0,0,0,0,0,0,0,3,0,0,0,0,0,0,1,0,0,0,2,0,0,0,3,0,1,0,1,1,0,2,0,3,0,0,1,0,3
taxon243,171,240,15,174,20,28,247,32,339,24,20,61,48,80,16,20,17,34,53,25,551,24,303,53,225,85,19,402,27,99,22,553,406,92,23,293,46,440,292,247,305,395,228,15,794,18,216,385,267,690
taxon244,0,0,0,0,0,0,0,0,0,0,0,0,0,0,0,0,0,0,0,0,5,0,0,2,1,1,0,1,0,0,0,3,0,0,0,4,0,3,2,1,1,1,1,0,4,0,2,3,1,3
taxon245,1,2,0,0,0,0,0,0,2,0,0,2,0,1,0,0,0,1,0,0,1,0,1,0,0,0,0,0,0,0,0,1,2,0,0,0,1,5,1,1,3,2,5,0,4,0,1,3,1,4
taxon246,0,1,0,0,0,0,0,0,0,0,0,0,0,0,0,0,0,0,0,0,1,0,0,1,0,0,0,1,0,1,0,1,0,0,0,3,0,0,1,1,1,1,0,0,6,0,1,2,2,2
taxon247,7,0,1,2,0,0,3,0,2,1,0,1,0,0,0,0,1,0,0,0,1,0,3,0,1,0,0,1,0,0,1,5,4,0,0,0,1,0,0,3,2,2,2,0,5,0,0,4,1,2
taxon248,0,1,0,1,0,0,2,0,2,0,0,2,1,0,0,0,2,0,1,0,1,0,3,0,0,0,0,3,0,0,0,3,1,0,0,2,1,4,2,1,2,0,2,0,6,0,0,3,1,3
taxon249,2,1,0,2,1,0,3,1,1,0,0,0,1,2,0,0,0,1,0,0,1,0,3,0,0,1,0,2,0,0,0,2,1,0,0,2,0,2,0,1,1,4,2,0,2,0,1,2,2,4
taxon250,0,0,0,0,0,0,0,0,0,0,0,0,0,0,0,0,0,0,0,0,585,21,254,52,197,83,19,385,23,85,9,534,366,90,19,287,60,457,318,255,297,392,246,36,893,15,233,426,250,703
taxon251,6,3,1,3,0,2,9,0,19,2,0,3,0,2,1,0,0,0,1,0,13,1,10,1,5,1,0,6,0,0,0,11,4,0,0,5,1,11,3,6,8,4,8,0,16,0,7,6,6,6
taxon252,46,81,5,54,5,8,97,9,94,7,9,19,15,26,3,11,6,6,16,12,542,24,300,60,222,86,17,385,39,90,27,542,389,62,23,297,61,413,279,259,302,340,214,28,874,11,200,392,263,697
taxon253,9,14,0,12,2,0,19,2,24,3,3,6,1,6,1,1,0,1,2,2,1,0,1,0,2,1,0,4,0,0,0,3,2,1,0,3,0,1,2,1,2,3,2,0,5,0,0,4,1,2
taxon254,8,7,0,6,0,1,4,0,8,0,0,0,1,1,2,1,1,0,5,0,10,1,6,2,8,0,1,8,0,2,0,6,3,3,1,5,2,11,5,5,5,8,4,0,25,0,4,5,5,17
taxon255,1,4,0,1,0,0,2,0,1,0,0,1,1,0,0,0,0,0,0,0,6,0,0,0,1,0,0,1,0,0,0,4,4,2,0,0,0,1,4,1,2,2,0,0,3,0,1,2,5,2
taxon256,0,3,0,1,0,1,0,0,1,0,0,0,1,1,0,0,0,0,1,0,2,0,1,1,0,1,1,0,0,0,0,1,3,1,0,1,1,4,0,4,1,2,1,0,4,0,0,5,0,7
taxon257,2,5,0,0,0,0,2,0,4,0,1,1,1,0,0,0,0,0,0,1,5,0,2,0,2,0,1,3,0,0,0,1,1,0,0,2,0,1,1,1,1,3,0,0,1,0,2,2,1,3
taxon258,0,0,0,0,0,0,0,0,0,0,0,0,0,0,0,0,0,0,0,0,2,1,2,0,1,0,0,3,0,0,0,0,2,1,1,1,0,3,1,1,1,1,2,0,8,0,3,2,4,4
taxon259,3,3,1,1,0,0,1,0,4,0,1,0,1,0,1,0,0,0,0,1,2,1,2,0,2,2,1,2,0,0,0,1,1,0,0,1,1,3,1,2,1,0,1,0,2,0,2,2,2,1
taxon260,277,385,21,264,39,31,378,41,577,41,40,129,65,104,25,28,25,41,70,31,563,31,332,62,222,97,27,380,39,85,28,601,376,96,29,276,47,495,296,301,299,373,221,34,876,25,225,455,252,688
taxon261,1,3,0,0,0,0,1,0,2,0,0,0,1,0,1,0,0,0,0,1,2,0,1,0,0,0,0,3,0,0,0,3,2,0,0,2,1,2,0,0,1,0,3,0,6,0,0,2,3,2
taxon262,1,0,0,0,1,0,2,0,0,0,1,0,0,0,0,1,0,0,1,0,4,0,0,1,0,0,2,2,0,0,1,3,1,1,0,0,0,1,3,0,0,2,0,0,5,0,3,0,0,4
taxon263,0,0,0,0,0,0,2,0,2,0,0,0,0,0,0,0,0,0,0,0,4,0,3,0,1,0,0,1,0,0,0,3,3,1,1,2,0,1,2,1,2,1,1,0,2,0,0,4,1,2
taxon264,1,16,0,7,1,0,6,2,7,2,2,1,2,3,0,1,1,0,0,3,9,0,4,1,1,5,0,8,0,2,1,12,11,1,0,8,1,8,4,5,4,3,5,0,16,0,4,7,4,10
taxon265,5,6,0,7,0,0,8,0,16,4,1,2,0,2,1,1,0,0,1,4,12,0,4,2,4,2,0,6,1,0,1,7,3,0,1,2,0,8,4,6,8,6,4,0,20,1,7,8,4,16
taxon266,0,1,0,0,0,0,1,0,1,0,0,0,0,0,0,0,0,0,0,0,0,0,0,0,2,2,0,3,0,0,0,2,2,0,0,1,0,1,1,0,2,1,1,0,2,0,1,3,1,0
taxon267,3,0,0,0,0,1,2,1,4,0,1,2,0,1,0,0,0,0,0,0,2,0,1,0,1,0,1,4,0,1,0,0,1,1,0,2,1,4,0,4,1,0,1,0,2,0,0,4,1,5
taxon268,0,0,0,0,0,0,0,0,0,0,0,0,0,0,0,0,0,0,0,0,7,0,8,0,7,0,0,9,2,3,0,18,11,0,0,4,0,5,5,4,2,2,5,0,14,0,1,4,4,11
taxon269,3,7,0,3,2,1,9,0,11,2,0,2,0,2,0,0,0,1,0,2,10,0,8,0,7,2,1,4,0,1,0,13,7,0,1,9,1,11,3,8,3,6,5,1,16,0,6,5,11,19
taxon270,2,2,0,1,0,0,0,0,1,0,0,0,0,2,0,0,1,0,1,0,3,1,1,1,1,0,1,2,0,0,0,5,4,0,0,0,0,3,2,1,2,1,0,0,4,0,2,1,3,6
taxon271,4,0,0,1,0,0,0,0,2,0,0,0,0,0,0,0,0,1,0,0,3,0,0,0,0,0,0,3,0,0,0,2,0,0,1,1,1,1,0,1,2,1,2,0,1,0,0,0,0,0
taxon272,1,3,0,2,0,0,0,0,1,0,0,1,2,1,0,0,0,0,0,0,0,0,1,1,0,0,0,0,0,0,0,4,2,0,0,1,0,0,1,1,1,1,1,0,1,1,0,0,1,3
taxon273,0,0,0,0,0,0,0,0,0,0,0,0,0,0,0,0,0,0,0,0,2,0,1,0,2,0,1,2,0,1,1,1,2,1,0,1,1,5,1,2,2,6,2,0,5,0,0,3,0,7
taxon274,14,19,1,8,2,4,17,0,27,1,3,7,2,4,0,1,0,1,3,1,1,0,3,0,0,1,0,1,0,0,0,3,0,1,0,1,0,2,0,2,0,0,0,0,5,0,1,2,1,3
taxon275,11,17,0,14,2,6,16,2,32,2,2,8,7,6,1,1,2,2,2,2,3,0,5,1,1,0,1,0,0,0,0,5,3,0,1,3,1,2,2,1,1,3,1,0,6,0,2,2,2,3
taxon276,2,1,0,0,0,0,3,0,3,0,0,0,1,0,0,0,0,0,1,1,0,0,4,1,1,0,0,1,0,0,0,1,3,0,0,2,0,1,0,1,1,3,3,0,6,0,0,2,2,5
taxon277,4,0,0,1,0,1,6,0,2,1,0,1,2,1,1,0,0,0,2,0,2,0,5,0,1,0,1,1,1,0,0,4,3,3,0,1,0,2,2,2,0,4,0,0,3,0,0,1,2,8
taxon278,0,0,0,0,0,0,0,0,0,0,0,0,0,0,0,0,0,0,0,0,1,0,2,0,1,0,0,0,0,1,0,3,0,0,0,1,1,2,3,0,1,3,1,2,2,0,2,3,3,5
taxon279,0,0,0,0,0,0,0,0,0,0,0,0,0,0,0,0,0,0,0,0,1,0,1,0,0,0,0,5,1,0,0,3,1,0,0,1,0,0,1,0,1,2,1,0,5,0,1,3,2,4
taxon280,5,5,1,2,0,0,3,0,11,0,1,0,2,3,1,0,1,1,2,1,13,1,4,4,2,1,0,9,2,3,0,9,9,0,1,4,0,7,4,6,7,7,10,0,22,1,5,5,4,13
taxon281,1,2,0,0,0,0,1,0,1,0,0,0,0,0,0,0,0,0,0,0,1,1,1,0,1,0,0,2,0,0,0,4,0,0,0,2,0,3,1,4,1,2,1,0,4,0,0,2,0,3
taxon282,3,2,0,2,0,0,6,0,5,0,0,1,0,3,0,0,0,0,0,0,4,0,0,1,3,0,1,1,0,0,0,5,1,0,0,0,0,2,2,0,1,7,2,0,2,0,0,2,3,6
taxon283,3,6,0,4,0,0,11,2,10,0,0,1,1,5,0,1,0,0,2,0,12,2,7,0,5,0,0,4,2,2,1,12,5,3,0,5,2,9,4,4,7,3,5,0,28,0,3,6,12,11
taxon284,0,1,1,7,1,0,2,0,1,0,0,1,1,0,0,0,0,0,0,1,4,0,0,0,3,0,0,1,0,0,0,2,2,0,0,2,0,1,0,1,0,4,1,0,4,0,1,1,2,5
taxon285,0,0,0,0,0,0,0,0,0,0,0,0,0,0,0,0,0,0,0,0,2,0,0,1,0,0,0,4,1,0,0,3,2,1,0,0,1,6,2,0,2,0,0,0,2,0,0,4,1,1
taxon286,2,0,0,0,0,1,3,0,5,0,0,0,0,0,1,0,0,1,0,0,3,0,1,0,0,1,0,1,0,1,1,2,2,1,0,0,0,4,4,1,0,3,1,1,1,0,1,2,1,3
taxon287,0,0,0,0,0,0,0,0,0,0,0,0,0,0,0,0,0,0,0,0,4,0,2,0,0,1,1,2,0,0,0,3,2,0,0,1,0,3,2,1,1,2,0,0,7,1,2,3,1,4
taxon288,2,3,0,0,0,0,1,0,1,0,0,2,0,0,0,0,0,1,0,0,3,1,4,0,1,0,0,1,0,1,0,3,1,0,0,2,0,1,1,2,2,3,0,0,6,0,0,2,1,2
taxon289,0,0,0,0,0,0,0,1,1,0,0,0,0,1,0,0,0,0,0,0,3,1,1,0,0,0,0,1,0,0,0,1,2,2,0,1,0,4,5,0,3,4,1,0,7,0,1,3,4,3
taxon290,19,15,0,15,1,2,14,3,26,5,2,3,2,7,1,2,5,1,3,3,3,0,0,1,2,1,0,4,0,1,0,3,1,0,0,2,0,2,2,1,4,4,1,0,4,0,1,0,1,8
taxon291,2,0,0,0,0,0,2,0,0,0,0,0,2,0,0,0,0,1,1,0,2,0,0,0,3,0,0,2,1,0,0,0,3,0,0,2,0,1,1,0,0,0,1,0,6,0,0,0,0,1
taxon292,4,2,0,3,0,1,2,0,2,1,0,1,1,0,0,0,0,0,0,0,2,0,1,0,1,0,0,2,1,1,0,2,4,0,0,2,0,5,0,0,1,1,1,1,7,0,1,1,1,2
taxon293,262,405,26,304,31,36,408,36,556,31,46,114,73,139,34,34,29,54,82,36,566,23,344,59,222,96,26,396,26,80,19,576,372,74,25,307,44,421,297,264,307,399,278,26,847,16,234,429,250,702
taxon294,0,2,1,1,1,0,3,0,4,0,2,0,1,2,0,0,0,0,0,0,2,0,3,0,1,0,0,3,0,1,0,0,0,0,0,1,0,2,0,1,2,1,2,0,2,0,0,1,1,1
taxon295,1,4,0,2,0,0,2,0,2,0,0,0,0,1,0,0,0,2,1,0,4,0,0,0,1,0,0,3,0,0,0,3,0,0,1,2,0,2,1,1,0,2,0,0,3,0,2,1,1,8
taxon296,0,0,0,0,0,0,0,0,0,0,0,0,0,0,0,0,0,0,0,0,8,0,7,2,8,1,0,5,0,2,0,15,10,2,1,5,1,13,4,5,1,7,5,0,13,2,4,4,0,8
taxon297,1,2,0,4,0,0,1,0,3,1,0,1,0,1,0,0,0,0,0,0,2,0,0,0,0,0,0,2,1,0,0,2,2,0,0,3,0,2,2,2,1,1,1,0,5,0,0,2,4,2
taxon298,2,1,0,2,0,0,0,1,4,0,0,0,1,0,0,1,0,0,0,0,3,0,0,0,2,0,0,0,0,0,0,2,1,1,0,0,0,4,4,0,2,2,1,0,4,0,0,1,0,6
taxon299,3,2,1,1,0,0,5,0,3,2,0,1,0,0,0,0,0,1,1,0,5,1,0,0,1,0,1,1,0,0,0,1,5,0,1,0,1,0,2,1,2,1,2,0,2,0,2,3,0,4
taxon300,75,116,4,76,9,12,115,13,190,7,12,31,19,22,8,9,5,13,29,13,579,24,348,62,237,96,27,363,25,83,23,574,415,80,20,294,58,434,313,274,326,397,252,33,905,22,227,411,269,708
taxon301,4,8,0,6,2,1,9,0,13,0,0,1,1,4,1,0,0,2,0,1,12,0,5,0,7,5,0,10,1,3,1,15,12,3,0,4,3,12,5,9,6,2,4,1,18,0,4,4,8,19
taxon302,0,0,1,0,0,0,0,0,1,1,0,0,0,0,0,1,0,0,0,0,4,0,0,0,2,2,0,3,0,1,0,4,2,0,0,3,0,8,0,0,2,2,1,1,5,0,0,2,2,4
taxon303,2,2,0,0,1,0,2,0,3,0,1,1,0,0,0,0,0,0,1,0,0,0,1,0,0,0,0,2,1,1,0,2,0,1,0,2,0,0,2,2,0,1,0,0,7,0,0,5,1,6
taxon304,16,12,5,9,1,0,22,0,25,3,2,5,3,6,3,4,3,3,4,1,4,0,1,0,2,0,0,10,0,0,0,5,0,0,0,3,2,4,2,0,2,0,2,0,9,0,0,4,0,4
taxon305,1,3,1,0,0,0,0,0,2,0,0,0,0,0,0,0,0,0,0,0,1,0,1,0,0,0,0,2,0,1,0,4,1,0,0,1,0,1,1,0,0,1,1,0,5,0,3,4,1,1
taxon306,103,151,17,138,11,19,155,17,197,16,12,55,30,42,12,12,8,17,34,13,546,27,321,51,228,89,30,383,36,84,24,526,411,88,28,296,51,428,316,277,281,378,239,19,821,20,215,394,251,687
taxon307,2,0,0,0,0,1,1,0,1,0,1,0,0,0,0,1,0,0,0,1,4,0,0,0,0,0,0,3,0,2,0,1,4,1,1,2,0,3,1,2,0,3,1,0,2,0,1,3,0,3
taxon308,5,6,1,5,0,0,7,1,10,0,0,2,2,2,1,0,1,3,6,0,8,0,8,1,1,0,1,4,0,2,0,9,3,0,1,7,1,10,4,8,4,9,2,0,19,0,7,6,4,15
taxon309,1,3,0,0,0,0,0,0,5,0,0,2,1,0,0,1,0,1,0,1,1,0,1,0,1,0,0,0,0,0,0,1,1,1,0,3,0,1,0,1,2,2,0,0,4,0,1,1,1,1
taxon310,0,2,0,2,0,0,4,0,1,0,0,1,0,0,0,0,0,0,0,0,2,0,1,0,0,1,0,1,0,0,0,1,1,1,0,1,0,1,2,0,0,2,0,0,3,0,0,1,2,2
taxon311,0,4,0,1,0,0,5,0,1,1,1,0,0,0,0,0,0,0,0,0,4,0,0,0,0,0,0,5,0,0,0,5,2,0,0,2,0,1,0,3,0,2,4,0,6,0,1,4,3,2
taxon312,0,2,1,1,0,0,3,0,4,0,0,1,1,1,1,0,0,0,2,1,4,0,2,0,1,1,0,3,1,0,1,7,2,1,0,0,0,3,2,3,1,4,2,0,4,1,1,6,2,3
taxon313,3,3,0,2,0,0,3,0,6,1,0,0,0,0,2,0,1,0,1,1,9,1,6,2,8,0,0,6,0,2,1,15,7,1,1,2,0,5,4,7,6,5,6,1,14,0,0,11,0,17
taxon314,5,4,0,5,0,1,9,0,10,1,0,3,1,0,1,0,0,1,3,0,9,0,6,2,2,0,0,10,1,1,0,6,7,4,0,5,3,12,7,5,11,4,6,1,16,0,1,5,7,9
taxon315,1,2,0,1,0,0,1,0,3,0,0,1,1,0,1,0,0,0,1,0,0,0,3,2,0,0,0,1,0,0,0,6,1,1,0,1,0,2,2,3,1,2,2,0,4,0,1,0,4,2
taxon316,1,0,0,0,0,0,2,0,0,0,0,0,0,0,0,0,0,0,0,0,1,0,3,1,1,1,0,0,0,0,0,2,0,0,0,3,0,4,0,1,2,3,7,0,3,0,0,2,0,2
taxon317,2,0,1,1,0,0,3,0,5,0,0,0,0,2,0,0,0,0,0,0,4,0,0,0,3,1,1,1,0,0,0,2,1,0,1,3,0,3,3,0,4,2,1,0,3,1,3,3,2,3
taxon318,0,0,0,0,0,0,0,0,0,0,0,0,0,0,0,0,0,0,0,0,2,1,3,0,0,0,1,2,0,1,0,4,1,0,0,1,0,2,1,0,1,1,0,1,3,0,0,4,0,2
taxon319,34,46,6,48,7,6,74,4,82,4,5,13,8,13,8,4,3,4,11,5,541,28,301,63,184,111,23,394,34,103,22,542,370,87,30,289,58,435,299,313,288,367,251,25,863,27,233,443,264,692
taxon320,5,8,2,2,2,2,6,3,18,0,1,3,2,1,0,1,1,1,1,0,9,0,5,3,11,2,0,9,0,3,1,8,9,1,0,7,2,16,2,8,1,8,3,1,12,0,6,8,2,8
taxon321,11,11,1,3,2,2,12,0,13,1,0,2,0,4,0,0,1,3,2,1,13,0,2,1,6,0,0,11,0,1,0,13,5,1,0,9,0,10,10,3,5,11,5,0,19,0,5,9,4,18
taxon322,2,1,0,0,0,0,5,0,5,0,0,2,1,3,0,0,0,0,0,0,3,0,1,0,0,0,0,2,0,1,0,6,2,0,0,1,0,0,4,3,2,3,2,0,6,0,0,1,3,2
taxon323,1,3,0,0,0,0,2,0,2,1,0,2,0,1,0,0,0,0,0,0,3,0,3,0,3,1,0,6,0,1,0,4,4,1,0,1,0,3,0,2,1,2,3,0,6,0,1,3,1,5
taxon324,95,140,14,82,16,12,112,9,176,10,5,44,21,32,10,8,7,18,26,14,557,19,269,50,204,76,26,404,39,100,24,535,363,88,21,295,60,418,254,278,309,387,251,33,837,22,225,433,257,660
taxon325,6,10,0,5,0,0,8,0,11,0,0,2,3,3,0,1,1,0,1,0,10,0,7,2,4,2,0,6,2,2,0,17,6,1,0,3,0,12,1,5,6,11,5,0,12,1,4,5,5,17
taxon326,237,398,31,276,38,40,363,34,533,33,36,106,62,108,33,40,35,44,59,35,525,28,295,62,210,80,26,407,35,99,19,536,364,80,26,280,41,414,287,267,286,394,222,26,833,19,203,392,246,664
taxon327,5,12,0,7,1,0,11,0,9,2,1,2,2,4,1,1,0,1,1,1,11,1,7,0,2,0,0,10,1,2,1,8,7,1,0,4,1,16,6,3,4,5,4,1,16,1,5,5,9,17
taxon328,0,0,0,0,0,0,0,0,0,0,0,0,0,0,0,0,0,0,0,0,9,1,13,1,1,1,1,8,1,2,1,5,4,1,2,5,0,11,4,2,12,10,3,2,27,1,2,13,6,9
taxon329,0,0,0,0,0,0,0,0,0,0,0,0,0,0,0,0,0,0,0,0,4,0,0,0,0,0,0,1,0,0,0,2,0,0,0,0,2,1,1,1,0,0,2,1,4,0,2,1,1,3
taxon330,2,1,2,1,0,0,1,0,6,0,0,0,1,0,0,0,0,0,1,0,9,0,6,1,6,2,1,2,0,3,2,16,5,0,0,5,0,6,11,8,6,6,6,2,20,0,4,8,4,18
taxon331,976,1339,84,921,134,133,1328,134,1897,139,142,365,245,423,111,119,82,150,248,126,597,23,330,57,212,98,18,378,31,80,23,515,412,92,27,285,49,440,287,283,313,380,226,34,867,23,219,430,263,696
taxon332,1,2,0,2,0,0,5,0,2,0,0,1,0,1,0,0,0,0,1,0,5,1,2,2,1,1,0,1,0,3,0,2,5,0,0,0,0,3,2,2,3,2,1,0,1,0,0,2,4,4
taxon333,0,3,0,1,0,1,0,0,2,1,0,0,0,0,0,0,0,1,0,0,10,0,0,0,1,1,1,4,0,1,0,4,1,0,0,2,0,2,2,0,4,3,3,1,1,0,1,3,0,4
taxon334,7,4,0,6,1,0,15,0,16,0,0,0,3,2,1,0,1,1,2,1,8,1,7,2,6,1,1,6,0,1,1,11,3,2,0,3,1,8,4,2,10,11,8,0,13,0,3,12,0,17
taxon335,0,0,0,0,0,0,0,0,0,0,0,0,0,0,0,0,0,0,0,0,4,0,2,0,1,0,0,2,0,0,1,2,1,0,0,0,0,0,0,2,0,1,1,0,6,0,2,1,0,7
taxon336,0,0,0,1,0,0,0,0,3,0,0,0,1,0,1,0,0,0,0,0,3,0,1,0,4,4,0,0,0,0,0,4,2,1,0,1,0,4,0,1,1,2,0,0,4,1,0,1,3,2
taxon337,4,2,0,0,0,0,2,0,6,0,0,0,0,1,1,0,0,1,0,0,4,0,1,0,0,1,0,3,0,0,0,1,1,1,0,2,0,1,0,0,3,2,0,0,1,0,0,3,1,6
taxon338,0,0,0,2,1,0,2,0,2,0,0,0,0,0,0,1,0,0,0,0,7,0,3,2,2,0,0,4,0,0,0,1,5,0,1,0,1,4,1,1,2,0,1,0,2,0,3,6,2,1
taxon339,1,3,0,0,0,0,1,0,0,0,0,0,0,0,0,0,0,0,0,1,1,0,4,0,0,1,0,3,0,1,0,4,4,0,0,1,1,2,4,1,2,1,0,0,2,0,0,0,2,2
taxon340,285,388,26,271,34,35,384,35,558,34,33,136,67,111,27,37,30,61,68,34,548,26,315,62,208,84,24,410,33,83,24,564,395,94,13,280,54,454,298,272,294,342,239,32,855,32,232,413,259,708
taxon341,265,373,36,272,33,50,397,38,580,42,40,125,74,109,33,41,33,41,79,39,538,21,318,59,224,104,20,396,35,92,16,521,356,83,30,263,38,462,309,311,301,363,237,33,815,30,216,383,232,734
taxon342,0,1,0,2,0,0,2,0,3,0,0,1,0,0,0,0,0,0,2,0,1,1,0,1,2,1,0,1,0,0,0,1,4,1,0,2,0,1,1,2,1,5,1,0,3,1,0,2,1,4
taxon343,2,3,0,1,0,0,1,0,1,0,0,1,0,1,0,0,0,0,1,0,5,1,3,1,1,0,0,0,1,2,0,3,1,0,0,3,0,3,1,2,2,0,2,1,6,0,0,1,1,5
taxon344,2,1,0,1,0,0,3,0,3,0,0,1,0,0,0,0,0,0,2,0,1,1,3,0,1,1,0,3,0,1,0,4,1,0,0,0,0,2,1,1,2,1,0,0,3,0,2,2,0,5
taxon345,5,7,0,10,1,0,7,0,13,1,1,3,1,6,1,5,1,1,1,0,19,1,8,0,2,4,2,2,1,3,2,17,5,3,0,10,0,11,5,4,15,5,2,3,16,2,6,8,9,6
taxon346,4,7,0,5,2,0,12,1,11,2,1,2,2,2,1,2,2,1,2,1,3,0,1,0,0,1,0,3,0,3,0,4,2,0,0,1,0,1,0,1,0,1,1,0,3,0,0,0,1,3
taxon347,1,2,0,1,0,0,4,0,2,1,0,1,1,1,0,0,0,1,0,0,3,0,3,0,5,1,0,1,0,0,0,4,1,1,0,1,0,3,5,3,3,2,3,0,3,0,1,4,4,4
taxon348,1,1,0,0,1,0,2,1,1,0,1,0,0,0,0,1,1,0,0,0,0,0,3,0,0,2,1,4,0,0,0,1,2,1,0,1,0,3,3,0,1,1,3,0,1,0,1,2,0,4
taxon349,2,0,0,0,0,0,2,0,1,0,1,1,0,1,0,1,0,0,0,0,3,1,4,0,1,0,0,3,0,0,0,4,1,0,0,0,0,1,1,3,2,2,1,0,5,0,3,1,0,6
taxon350,0,0,0,0,0,0,0,0,0,0,0,0,0,0,0,0,0,0,0,0,9,0,6,1,5,3,0,6,1,2,0,15,7,7,0,9,1,14,4,12,3,12,6,4,12,2,8,10,8,17
taxon351,1,2,0,2,0,0,4,0,4,0,0,0,0,0,0,1,0,0,0,0,6,0,0,0,1,0,1,0,0,1,0,2,1,0,0,5,0,4,2,1,1,1,1,1,3,0,2,4,0,2
taxon352,0,0,0,0,0,0,0,0,0,0,0,0,0,0,0,0,0,0,0,0,2,1,1,1,4,0,0,0,0,0,0,2,2,0,0,1,1,4,2,1,1,1,2,1,4,1,1,4,0,2
taxon353,6,8,1,8,1,0,8,1,10,1,1,0,2,2,0,0,2,1,2,1,16,0,5,3,5,0,0,7,0,0,0,10,5,0,0,6,1,12,8,1,4,10,5,0,17,0,3,10,2,12
taxon354,3,3,0,0,0,0,0,0,2,1,0,2,1,0,1,0,0,0,0,1,4,0,1,0,1,0,0,1,0,1,0,6,1,0,0,0,1,3,0,4,2,1,1,0,4,0,1,1,1,0
taxon355,271,375,24,272,53,52,409,38,561,50,39,108,56,112,34,34,22,32,73,39,534,23,310,58,223,78,16,370,32,97,15,528,369,84,31,279,50,430,289,284,312,357,237,23,831,24,190,420,270,659
taxon356,1,3,0,1,0,2,4,0,2,1,0,0,0,1,0,0,0,0,1,0,0,0,2,1,3,0,0,0,1,1,0,2,3,2,0,1,2,2,2,2,3,4,3,0,8,0,0,2,4,5
taxon357,6,12,0,2,1,1,11,1,18,3,0,1,2,3,1,2,1,0,1,0,18,1,3,2,5,0,2,11,0,2,0,7,11,2,0,6,1,11,10,6,10,3,5,0,16,1,7,9,5,18
taxon358,0,2,0,1,0,0,1,0,1,0,0,0,0,0,0,0,0,1,0,1,2,0,1,0,2,1,0,3,0,0,0,6,1,1,0,1,0,3,2,2,3,1,3,0,2,0,3,0,5,3
taxon359,9,4,0,7,0,1,7,2,18,0,0,5,0,0,0,0,2,1,2,1,8,0,5,0,6,0,0,7,0,2,0,8,7,0,1,13,4,7,6,2,5,11,6,0,20,0,4,14,3,16
taxon360,2,1,0,0,0,0,2,0,1,0,0,2,0,0,0,0,0,0,0,0,1,0,1,1,0,1,0,1,0,1,0,5,3,0,0,2,0,0,0,0,0,2,2,0,4,0,2,6,1,2
taxon361,2,4,0,0,1,0,3,1,2,1,0,0,0,0,0,0,0,0,1,0,1,1,1,0,0,0,0,0,0,0,0,2,1,0,0,2,0,0,2,1,1,1,0,0,5,1,0,1,1,2
taxon362,2,1,0,0,0,0,2,0,3,1,0,0,0,2,0,0,0,0,0,0,4,0,1,0,0,1,0,1,0,0,0,2,2,0,0,1,0,1,0,1,1,0,1,0,1,0,0,1,1,3
taxon363,2,6,0,1,2,0,4,0,7,0,0,4,0,1,1,2,0,3,2,0,10,1,7,0,3,3,3,5,0,0,1,11,11,1,0,4,0,10,7,5,4,11,2,0,9,0,5,7,10,3
taxon364,1,2,0,2,0,0,3,0,6,0,0,0,0,0,0,0,1,0,0,0,1,0,2,0,1,1,1,1,0,0,0,2,4,1,0,2,0,1,2,4,3,1,0,0,3,0,1,1,3,1
taxon365,0,0,0,0,1,1,0,0,1,0,0,1,1,0,0,0,0,0,0,0,1,0,0,0,2,1,0,0,0,0,0,2,1,0,0,0,0,3,1,2,1,3,1,0,7,1,0,1,0,3
taxon366,5,4,1,6,1,2,4,1,6,0,2,1,2,0,0,0,0,3,2,0,6,0,4,2,5,4,1,5,0,2,1,5,7,0,0,2,0,6,4,4,5,7,3,0,13,1,1,7,4,13
taxon367,3,0,0,1,0,0,2,0,2,0,0,1,0,1,0,0,0,0,0,0,4,0,2,0,2,0,1,2,0,0,0,2,4,1,1,2,0,6,1,1,2,4,3,0,5,0,0,0,0,3
taxon368,2,5,0,6,0,2,13,0,13,2,2,3,0,3,0,3,3,1,2,1,14,0,9,1,6,3,0,9,2,0,0,8,11,3,0,8,0,8,4,2,8,6,8,0,22,0,2,7,11,19
taxon369,0,0,0,0,0,0,0,0,0,0,0,0,0,0,0,0,0,0,0,0,15,0,8,0,2,1,1,13,0,3,0,13,6,3,0,6,2,14,5,4,7,4,7,1,18,0,7,11,4,16
taxon370,1,1,0,2,1,0,3,0,2,0,2,0,0,3,0,0,0,0,0,1,2,1,4,0,1,0,0,4,0,1,0,5,0,0,0,2,0,0,1,3,1,3,2,0,3,1,2,2,0,7
taxon371,1,1,0,1,0,0,6,0,3,0,1,0,0,0,0,1,0,0,0,0,3,0,1,0,1,0,0,7,0,0,0,2,4,1,0,2,0,1,4,0,1,0,1,0,4,1,2,0,5,4
taxon372,2,0,0,1,0,0,5,0,4,0,0,1,1,1,0,0,0,0,0,0,2,0,1,0,1,0,0,0,0,1,1,2,1,0,0,0,0,3,2,5,1,1,0,0,4,0,1,3,2,1
taxon373,0,0,0,0,0,0,0,0,0,0,0,0,0,0,0,0,0,0,0,0,545,33,298,64,227,77,26,400,30,98,23,554,381,82,19,310,52,445,311,281,298,332,235,20,836,18,234,419,259,697
taxon374,0,0,1,1,0,0,2,0,3,0,0,0,1,1,0,0,0,0,0,0,7,0,3,0,2,0,0,0,0,0,0,1,1,0,0,2,0,1,1,1,2,3,2,0,2,0,1,2,3,4
taxon375,1,3,1,0,0,0,2,0,1,1,0,1,0,1,0,1,0,0,0,1,3,0,1,0,2,0,1,4,0,2,0,5,3,0,0,0,1,5,2,2,1,0,0,0,2,0,1,2,0,7
taxon376,0,0,0,2,0,0,2,0,2,0,0,0,0,0,0,0,0,0,1,0,3,0,1,1,1,0,0,3,1,1,0,1,2,1,0,3,0,1,3,1,1,3,0,0,5,0,0,2,1,1
taxon377,0,0,0,0,0,0,0,0,0,0,0,0,0,0,0,0,0,0,0,0,2,0,3,0,1,0,0,6,0,0,0,4,8,0,2,1,0,2,1,0,0,1,2,0,9,0,2,1,1,9
taxon378,6,6,1,7,0,0,5,1,17,1,0,1,2,0,0,0,1,0,4,0,9,1,3,1,4,0,0,4,0,4,1,6,5,0,0,5,3,7,9,7,10,6,3,1,15,1,4,6,5,16
taxon379,0,0,0,0,0,0,0,0,0,0,0,0,0,0,0,0,0,0,0,0,2,0,1,0,0,0,0,3,0,2,0,2,3,0,0,1,0,3,1,4,0,1,1,0,1,0,2,1,5,4
taxon380,0,3,0,1,0,0,6,0,2,0,0,0,0,0,0,0,0,0,0,0,2,0,0,0,2,1,0,2,0,1,0,4,0,0,0,1,0,2,4,0,2,1,1,0,4,0,4,5,3,3
taxon381,9,15,1,13,0,1,14,1,18,3,3,6,1,3,2,0,1,2,0,2,4,0,2,0,2,2,0,2,0,0,0,3,4,0,0,1,2,1,0,0,1,0,1,0,2,0,1,1,0,5
taxon382,0,0,0,0,0,0,0,0,0,0,0,0,0,0,0,0,0,0,0,0,3,0,1,0,2,1,0,2,1,1,0,9,1,0,0,1,0,2,1,2,0,3,3,0,8,0,0,2,0,5
taxon383,2,6,0,3,1,0,4,1,10,0,0,3,0,4,1,2,0,2,1,1,11,0,6,1,6,2,1,8,0,1,0,6,3,0,1,4,5,6,6,8,3,7,10,0,15,1,2,13,8,17
taxon384,267,387,24,298,48,35,407,37,586,45,39,115,70,122,30,32,29,43,57,42,619,25,320,71,220,87,21,365,37,101,14,576,380,64,33,294,50,476,292,284,289,399,262,19,845,17,199,418,295,759
taxon385,0,0,0,4,0,0,4,0,4,1,0,1,2,0,1,0,0,0,0,0,2,0,5,0,1,1,0,0,1,0,0,5,2,0,0,5,0,2,5,0,2,1,1,0,6,0,1,4,4,5
taxon386,1,4,1,1,0,0,4,0,4,0,0,0,0,0,0,0,0,0,1,0,2,0,1,0,0,0,0,1,1,1,0,5,1,0,0,0,0,0,0,0,1,3,1,0,1,0,0,2,1,0
taxon387,11,7,1,1,0,2,7,0,15,1,3,3,6,2,2,0,0,1,3,1,8,0,8,1,6,1,1,8,1,0,0,7,7,2,0,8,1,10,7,1,7,6,2,3,14,0,4,5,7,11
taxon388,6,6,0,7,1,1,7,2,12,3,0,3,0,2,1,1,1,1,4,0,13,0,9,0,2,2,0,4,1,1,0,10,4,1,0,3,2,10,7,4,5,4,2,0,19,0,3,8,3,10
taxon389,2,2,0,1,1,0,0,0,1,0,1,0,1,0,0,1,0,1,0,0,4,0,4,1,0,0,0,2,0,0,0,4,5,0,0,3,0,1,1,0,3,0,1,0,8,2,2,1,0,4
taxon390,280,393,30,269,35,48,380,49,532,32,36,128,73,111,39,27,20,49,72,37,521,20,340,61,233,92,30,370,31,103,21,534,347,74,24,284,44,448,295,282,273,363,233,24,853,23,217,376,257,704
taxon391,0,0,0,0,0,0,1,0,3,0,0,0,0,0,0,0,0,0,0,0,1,0,1,0,0,0,1,3,0,0,0,0,0,1,0,2,0,6,1,1,3,2,0,0,7,0,1,3,1,4
taxon392,2,2,1,2,0,0,4,0,3,0,0,1,0,0,0,0,1,0,0,0,1,0,0,0,2,1,0,4,1,0,0,3,2,0,0,0,2,2,1,0,2,3,0,0,1,0,2,2,1,1
taxon393,300,372,23,266,32,40,377,47,584,28,46,92,76,102,25,45,36,49,86,36,582,31,335,56,225,99,22,412,45,103,19,564,383,72,28,291,48,418,316,268,320,396,245,14,953,17,224,409,263,729
taxon394,0,0,1,2,0,0,2,0,5,0,0,0,0,1,0,0,0,0,0,0,1,0,2,0,0,0,0,6,0,0,0,3,0,0,0,4,0,1,2,2,0,3,2,0,2,0,0,2,1,7
taxon395,2,3,0,1,0,0,1,0,0,0,1,1,1,0,0,0,0,0,0,1,3,0,2,0,1,0,0,3,0,0,1,4,3,2,0,1,0,3,4,1,2,1,0,0,6,0,2,4,2,4
taxon396,1,2,0,0,0,0,1,0,1,0,0,1,1,1,0,0,0,0,2,0,5,0,1,0,0,1,1,1,0,0,0,5,2,1,0,3,0,0,1,2,1,3,2,1,7,0,2,1,0,4
taxon397,4,8,1,1,0,0,10,2,10,1,1,2,3,1,0,0,0,3,0,0,14,1,8,1,10,0,0,6,0,0,0,10,9,1,2,7,0,10,2,7,1,6,4,2,14,0,4,10,9,16
taxon398,2,5,0,1,0,1,5,1,2,0,0,0,1,2,0,1,0,0,1,1,3,0,5,0,1,1,0,3,0,0,0,3,2,0,0,1,0,1,1,2,1,0,1,0,2,0,0,2,3,3
taxon399,1,0,0,0,0,0,1,0,1,1,0,1,0,0,0,0,0,0,0,0,3,0,1,0,3,1,0,0,0,2,1,3,2,0,0,4,1,1,3,2,1,2,0,0,3,0,1,5,3,3
taxon400,0,3,0,1,0,0,2,0,2,0,0,0,2,2,0,0,0,0,0,0,1,0,0,0,1,0,0,2,0,0,1,5,1,0,0,2,0,3,1,0,4,2,2,0,4,0,0,3,1,2
taxon401,8,7,1,8,0,2,7,1,8,3,1,1,2,2,0,2,0,1,1,1,7,0,4,0,4,3,0,9,1,2,0,10,9,2,0,5,3,9,2,3,7,5,6,0,21,0,7,11,7,16
taxon402,4,1,0,1,0,0,2,0,5,0,0,1,0,0,1,0,0,0,0,0,2,0,0,1,1,0,0,3,1,2,0,2,3,2,0,0,0,3,2,1,2,2,0,0,7,0,0,1,1,2
taxon403,306,382,23,265,34,41,422,33,583,51,41,139,86,106,24,31,29,49,80,50,531,19,371,60,219,91,22,378,31,87,23,548,364,78,20,265,67,454,317,287,278,383,260,33,871,13,200,419,279,674
taxon404,1,2,2,6,1,0,6,0,13,0,1,3,2,1,0,0,0,2,0,1,13,0,11,3,1,1,0,13,0,0,0,4,6,0,0,7,2,7,5,4,5,6,8,0,14,1,1,2,5,13
taxon405,280,389,35,270,41,44,360,35,582,34,35,93,81,109,32,43,21,35,73,29,552,20,300,61,202,84,22,361,37,98,16,558,404,68,27,296,53,419,289,253,302,362,226,27,873,21,252,392,272,710
taxon406,0,0,0,0,0,0,0,0,0,0,0,0,0,0,0,0,0,0,0,0,14,1,9,1,5,1,0,11,0,2,0,17,5,0,1,3,0,7,4,6,8,10,7,3,16,1,4,8,5,11
taxon407,3,2,0,3,0,0,3,0,5,1,0,0,0,1,0,0,0,0,1,0,1,0,2,0,0,1,0,1,0,3,0,0,7,0,0,4,0,2,4,1,3,1,0,0,0,0,4,3,0,3
taxon408,7,4,0,3,0,0,9,1,15,0,0,1,3,2,1,1,0,0,0,0,12,1,5,4,3,1,0,4,0,0,0,15,10,1,2,2,1,4,7,2,4,10,4,0,18,0,3,7,5,16
taxon409,0,2,0,0,0,0,0,0,0,0,0,0,1,0,0,0,1,0,0,0,6,0,1,1,0,0,0,1,0,0,0,1,2,0,0,1,0,3,1,2,0,2,1,0,5,0,0,1,1,3
taxon410,191,275,18,198,23,23,258,30,365,21,32,75,53,81,24,21,23,26,54,28,549,21,307,60,230,110,28,393,28,90,12,548,384,97,24,288,58,435,325,311,302,406,228,29,841,26,204,455,255,719
taxon411,2004,2841,195,2070,291,292,2894,293,4072,280,271,846,521,836,263,269,187,316,560,268,539,14,372,55,242,77,31,365,25,77,17,526,390,81,24,271,60,457,321,290,285,363,224,36,862,21,228,388,268,701
taxon412,2,3,0,1,0,0,2,0,1,0,0,1,0,0,0,0,0,0,0,0,0,0,3,2,2,0,0,2,1,0,0,1,0,1,0,2,2,1,0,3,1,1,3,0,3,0,1,4,1,2
taxon413,0,0,0,0,0,0,0,0,0,0,0,0,0,0,0,0,0,0,0,0,8,2,4,1,2,2,1,7,1,1,0,9,3,1,1,4,1,11,6,9,3,7,2,1,12,0,4,7,4,11
taxon414,2,9,0,6,2,0,15,1,19,5,0,3,1,1,0,0,0,1,1,0,10,0,5,1,6,2,0,8,0,5,2,14,8,2,1,5,2,5,4,6,12,3,7,2,22,1,10,6,3,14
taxon415,6,6,2,7,0,1,8,1,25,0,3,1,4,4,1,0,0,2,3,2,18,1,6,0,7,0,0,10,1,2,1,14,10,1,1,6,0,10,8,7,10,17,6,0,19,0,7,14,12,15
taxon416,1,4,0,1,0,0,4,0,6,0,0,0,0,0,0,0,0,1,0,0,2,0,2,1,1,0,0,1,0,0,1,3,2,1,0,1,0,1,1,1,3,1,5,0,11,0,3,2,3,4
taxon417,0,0,0,0,0,0,0,0,0,0,0,0,0,0,0,0,0,0,0,0,4,0,1,2,1,0,0,3,0,0,0,1,0,0,0,1,0,2,2,1,5,0,0,0,7,0,1,2,1,2
taxon418,0,0,0,0,0,0,2,0,1,0,2,2,0,0,0,0,0,0,0,0,2,0,0,0,1,0,0,2,1,0,0,2,1,0,0,0,0,2,1,3,2,4,1,0,2,0,0,4,2,1
taxon419,0,0,0,0,0,0,0,0,0,0,0,0,0,0,0,0,0,0,0,0,7,0,6,1,4,1,0,8,2,3,0,7,5,2,0,7,0,11,7,7,5,3,7,0,18,0,9,3,13,14
taxon420,7,8,1,6,1,2,12,2,17,0,0,3,0,2,0,0,0,2,3,1,8,0,5,1,4,1,1,11,1,2,0,12,12,0,1,6,1,8,9,6,5,6,6,1,13,1,3,8,3,9
taxon421,0,0,0,0,0,0,0,0,0,0,0,0,0,0,0,0,0,0,0,0,7,0,1,0,0,0,0,1,0,0,0,2,0,0,1,4,0,6,1,3,1,1,2,0,2,0,0,2,0,0
taxon422,1,1,0,0,0,0,1,0,4,0,1,0,0,0,0,0,0,1,0,0,1,0,3,0,0,0,0,4,0,1,0,0,0,0,0,0,1,3,2,2,1,2,0,0,3,0,0,1,2,3
taxon423,45,60,9,41,5,9,68,4,78,7,6,17,4,14,9,11,7,7,14,8,16,0,5,4,4,0,1,9,0,5,0,11,3,1,0,1,0,10,2,6,2,6,5,0,22,1,5,13,6,13
taxon424,0,0,0,0,0,0,0,0,0,0,0,0,0,0,0,0,0,0,0,0,2,0,2,0,0,0,0,3,0,2,0,3,4,0,1,1,0,5,2,2,2,2,3,0,4,0,1,1,1,3
taxon425,0,4,0,1,0,0,1,0,5,0,1,1,3,1,0,0,0,0,0,0,2,1,2,0,2,1,0,2,0,0,0,4,5,1,0,2,1,2,2,2,3,0,2,0,10,0,1,2,5,4
taxon426,1,0,0,4,0,0,5,1,1,0,1,3,0,0,0,0,0,0,1,0,2,0,3,0,0,1,0,1,0,0,0,1,1,0,0,1,1,0,0,1,3,1,0,0,1,0,1,1,1,1
taxon427,1,1,0,2,0,0,3,0,2,0,1,0,1,0,0,0,0,0,1,1,2,0,1,1,0,0,0,0,0,1,0,3,1,0,0,3,1,3,2,1,0,1,0,1,7,1,1,0,0,2
taxon428,265,393,28,264,34,30,387,35,557,44,28,109,69,88,41,33,15,34,77,38,600,17,335,62,230,100,24,379,34,78,20,527,378,90,16,299,43,435,313,290,302,352,251,25,864,18,201,414,249,722
taxon429,2,6,0,7,1,0,12,0,7,0,0,4,1,4,3,0,1,1,1,3,8,2,10,1,7,3,0,8,1,0,0,14,6,4,0,7,1,7,9,2,7,9,0,0,27,1,4,10,3,13
taxon430,9,5,1,9,1,0,6,0,15,0,0,4,3,0,0,1,0,1,3,1,12,2,5,1,4,4,0,6,2,3,0,8,9,1,0,6,0,9,11,6,9,6,3,1,20,0,3,9,10,18
taxon431,270,368,23,268,44,36,361,30,542,36,37,107,63,109,33,38,25,55,66,38,609,17,314,64,208,76,26,392,29,69,16,565,393,77,20,287,40,453,304,291,290,337,257,18,836,21,244,448,252,678
taxon432,2,0,0,0,1,0,1,0,1,0,0,0,0,0,0,1,0,0,1,0,2,1,1,0,0,0,0,4,1,0,0,3,1,0,1,1,0,0,0,1,1,2,1,0,4,0,2,1,2,7
taxon433,17,16,4,15,1,1,18,3,33,0,3,7,1,6,3,0,1,0,5,3,3,0,2,1,1,0,0,0,0,1,1,2,2,1,0,0,1,4,3,3,0,3,2,0,2,0,3,2,2,3
taxon434,6,6,0,2,0,2,12,1,19,0,1,0,0,0,0,2,0,0,0,0,7,0,3,0,2,2,0,2,1,1,0,7,3,0,0,3,0,4,1,1,1,5,1,0,5,0,2,5,2,3
taxon435,4,3,0,5,2,1,3,0,5,0,0,0,0,0,0,0,0,0,0,1,4,2,1,1,4,1,0,3,0,0,0,6,1,0,1,3,0,0,3,0,1,0,1,0,5,0,2,2,2,5
taxon436,5,3,0,0,0,1,2,0,5,1,1,1,0,1,0,1,0,0,1,2,14,1,6,1,5,0,0,7,0,1,1,13,3,3,3,4,2,9,2,9,9,5,3,2,14,0,3,10,8,10
taxon437,4,2,0,1,0,1,6,0,12,2,1,0,0,2,1,1,1,0,0,0,10,0,5,1,1,2,1,7,0,4,0,15,4,1,0,8,4,6,8,11,4,6,4,1,15,1,2,8,4,14
taxon438,0,3,0,2,0,0,2,1,5,0,1,1,1,0,0,0,0,0,1,0,5,0,1,0,1,0,2,0,0,1,0,3,2,1,0,4,0,1,2,1,1,1,1,0,7,0,0,3,0,2
taxon439,1,2,1,1,0,0,5,0,1,0,0,1,0,0,0,0,0,1,3,0,3,0,3,0,0,1,0,1,0,0,0,3,1,0,0,0,0,1,3,1,1,2,0,0,2,0,0,4,3,3
taxon440,259,416,23,308,39,33,400,31,603,36,50,120,87,86,29,25,27,45,92,36,580,18,298,48,227,82,22,425,37,84,26,582,376,81,36,263,50,426,310,250,285,402,245,23,820,18,204,445,273,680
taxon441,1,0,1,1,0,0,1,1,3,1,0,1,0,0,0,0,0,0,0,0,2,0,1,0,0,0,0,3,0,0,0,1,1,1,0,1,2,2,1,1,1,3,0,1,4,0,0,1,0,4
taxon442,1,1,0,1,0,0,1,0,2,0,0,2,0,0,0,0,2,0,0,1,2,0,1,0,1,1,0,2,1,1,0,2,1,0,1,0,1,1,1,1,1,2,2,0,1,0,1,1,1,2
taxon443,4,1,0,0,2,0,4,0,3,0,0,0,0,0,0,0,1,0,0,0,5,0,0,1,1,0,0,0,0,1,0,1,2,0,0,4,0,2,0,2,4,4,0,0,1,0,0,0,0,2
taxon444,7,6,0,6,0,1,6,0,6,1,0,4,2,2,0,0,0,2,1,0,7,0,5,1,6,0,2,7,1,1,0,9,6,2,3,3,1,4,3,4,2,6,5,2,19,0,2,10,7,12
taxon445,2,2,0,1,0,1,3,0,4,0,0,1,1,0,0,0,0,0,0,0,4,1,2,1,2,1,0,2,0,1,0,3,2,0,0,0,0,2,0,2,0,3,0,0,5,0,1,2,1,2
taxon446,0,0,0,0,1,0,0,0,0,0,1,1,0,0,0,0,0,0,0,0,0,0,0,0,0,2,0,1,0,1,0,3,0,0,0,1,0,1,1,1,0,3,0,0,5,0,3,3,2,1
taxon447,0,0,0,1,0,0,0,0,0,0,0,0,0,0,0,0,0,0,0,0,2,0,0,0,1,0,0,1,0,0,0,0,3,1,1,0,0,2,1,0,4,1,0,0,3,0,1,2,2,4
taxon448,277,386,22,279,43,42,383,36,514,39,35,116,73,113,28,44,28,54,71,42,557,14,293,46,181,89,21,373,38,70,24,564,360,85,30,276,68,429,295,257,296,369,226,33,806,20,214,420,265,676
taxon449,1,3,0,0,0,0,0,1,3,0,0,1,0,1,0,0,0,0,0,0,5,0,1,0,2,2,0,0,0,1,0,3,1,0,0,0,0,0,3,2,3,2,3,0,4,0,1,3,1,4
taxon450,0,2,0,2,1,0,1,0,3,0,0,0,1,3,0,0,0,0,0,0,4,0,3,1,1,0,0,1,1,1,0,4,4,0,0,4,0,3,3,3,4,1,2,0,5,0,3,3,0,1
taxon451,311,395,27,282,37,54,390,41,595,40,34,124,73,116,39,36,28,38,76,44,579,24,345,57,233,86,27,380,39,80,17,548,373,68,21,270,60,443,295,257,264,381,241,32,832,18,222,400,263,677
taxon452,2,3,0,3,0,0,0,0,2,0,0,1,0,0,0,0,0,0,0,1,8,0,2,1,0,0,0,2,0,0,0,2,1,0,0,4,0,3,0,2,1,2,3,0,6,0,2,0,0,3
taxon453,1,2,0,0,0,0,3,0,2,0,0,0,0,0,0,0,0,0,1,1,3,0,3,0,0,0,0,1,0,0,0,3,0,0,0,1,0,1,0,0,1,1,0,0,3,0,3,2,0,1
taxon454,2,2,0,0,1,0,6,2,2,0,0,1,0,2,0,0,0,0,1,0,4,0,1,0,0,1,0,2,1,1,0,5,1,0,1,4,2,2,4,1,2,1,1,1,3,0,0,1,2,7
taxon455,2,1,1,0,0,0,3,0,2,1,0,1,0,0,0,1,0,0,1,0,3,0,1,1,1,0,0,4,0,0,0,5,0,0,1,4,0,1,2,2,1,0,1,0,5,0,1,2,2,3
taxon456,8,4,0,3,1,2,7,0,6,1,1,3,1,2,1,0,0,0,1,1,7,1,8,2,2,2,0,12,1,1,2,8,5,2,0,7,1,9,4,4,2,5,6,0,13,0,2,6,3,11
taxon457,0,1,0,1,1,0,2,0,2,0,0,0,0,5,1,0,0,0,0,0,4,0,1,2,0,1,0,1,0,1,0,3,2,0,1,1,0,1,2,2,0,1,3,0,2,0,2,1,3,7
taxon458,152,209,13,159,16,16,178,21,287,29,15,58,32,57,10,21,11,22,45,15,561,22,293,65,221,72,28,369,30,80,10,543,367,78,16,299,47,446,307,266,291,329,235,24,862,26,230,407,259,700
taxon459,0,0,0,0,0,0,0,0,0,0,0,0,0,0,0,0,0,0,0,0,11,1,5,1,5,3,0,7,1,1,2,10,5,2,0,6,1,16,3,2,10,9,5,0,16,0,2,6,1,19
taxon460,0,4,0,1,0,0,0,0,2,0,0,0,0,0,0,0,0,0,1,0,3,0,2,0,2,1,0,3,0,0,0,2,1,0,0,2,0,5,3,1,2,2,3,0,4,0,1,0,3,5
taxon461,1,0,0,1,0,0,2,0,8,0,0,0,0,1,0,0,1,0,0,0,3,1,3,0,1,2,1,2,0,0,0,3,1,0,0,2,0,0,2,2,2,2,2,0,5,0,2,0,1,1
taxon462,0,0,0,0,0,0,0,0,0,0,0,0,0,0,0,0,0,0,0,0,5,0,1,0,1,0,0,1,0,0,0,0,4,0,0,2,1,1,0,1,2,0,3,0,2,0,2,3,0,5
taxon463,0,0,0,0,0,0,0,0,0,0,0,0,0,0,0,0,0,0,0,0,4,0,3,0,2,0,0,1,0,1,1,5,3,1,0,1,0,4,1,4,4,2,0,0,7,0,0,1,4,3
taxon464,2,4,1,2,0,0,1,0,3,0,1,0,1,0,1,0,0,1,0,1,2,1,0,0,0,0,0,2,0,1,0,5,0,1,0,2,0,1,1,1,2,3,0,0,3,0,4,4,2,1
taxon465,0,2,0,1,0,0,2,0,1,0,0,0,0,2,0,0,0,0,0,0,1,0,1,0,2,0,0,1,0,1,0,3,0,0,0,1,0,3,2,0,1,3,2,0,6,0,2,2,1,5
taxon466,62,68,7,53,7,6,78,10,99,11,8,28,15,13,4,10,10,10,15,11,571,27,337,71,244,77,29,397,37,78,19,597,364,86,22,305,58,447,344,261,294,392,259,31,832,22,224,415,284,670
taxon467,1,2,0,0,0,0,3,0,3,0,0,2,0,0,0,0,1,0,0,1,13,0,6,3,6,2,0,3,0,2,0,9,3,1,0,7,0,7,9,5,5,6,3,0,22,0,3,10,0,10
taxon468,2,2,0,3,0,0,3,0,1,0,1,2,1,1,0,2,0,1,0,0,4,0,2,1,0,1,0,4,0,0,0,6,4,0,0,2,0,1,0,0,0,1,3,0,3,0,0,2,2,4
taxon469,0,0,0,0,0,0,0,0,0,0,0,0,0,0,0,0,0,0,0,0,7,0,0,0,1,0,0,0,0,1,0,0,0,0,1,0,0,5,1,3,0,1,0,0,4,0,1,3,1,0
taxon470,3,7,1,6,0,2,7,0,13,1,1,4,2,3,1,1,1,0,0,3,11,0,9,1,2,3,1,12,1,3,2,9,4,2,0,8,0,7,4,7,6,7,6,0,13,0,3,7,4,14
taxon471,0,0,0,0,0,0,0,0,0,0,0,0,0,0,0,0,0,0,0,0,2,0,1,0,0,0,0,2,0,0,0,3,0,2,0,4,0,2,0,1,4,3,0,0,5,0,1,3,0,8
taxon472,113,150,11,116,20,12,174,16,231,15,11,44,26,43,10,13,11,14,19,20,560,26,288,46,231,77,32,406,27,74,18,548,386,74,27,262,55,431,306,278,292,397,232,21,826,19,228,406,246,689
taxon473,0,0,0,0,0,0,0,0,0,0,0,0,0,0,0,0,0,0,0,0,9,0,12,1,6,3,0,11,0,1,1,5,8,0,1,8,2,8,7,4,7,6,9,0,18,0,7,8,7,17
taxon474,0,0,0,0,0,0,0,0,0,0,0,0,0,0,0,0,0,0,0,0,5,0,2,1,0,0,0,1,0,0,0,2,2,0,0,0,0,1,1,2,1,1,2,0,2,0,0,1,3,5
taxon475,1,1,0,2,0,0,2,0,0,0,0,1,2,1,0,0,0,1,0,0,3,0,1,1,0,1,1,3,0,0,0,4,1,0,0,4,0,3,1,3,1,1,0,0,2,0,0,1,1,0
taxon476,1,3,0,1,1,0,2,0,1,0,0,0,0,0,0,0,0,0,1,0,3,0,2,1,1,0,0,3,0,0,0,2,3,0,0,1,1,1,2,0,1,3,1,0,4,0,0,2,2,3
taxon477,7,11,0,3,0,2,6,0,11,0,0,6,1,0,0,1,1,1,1,1,15,0,4,0,5,2,1,7,0,1,0,8,8,3,1,5,0,6,3,3,7,6,6,2,25,0,4,9,3,17
taxon478,0,5,0,2,0,0,1,1,4,1,0,0,2,0,1,0,0,0,0,1,0,0,2,1,5,1,0,4,0,0,0,5,3,0,0,1,0,0,1,1,1,4,3,0,1,0,1,2,0,3
taxon479,0,2,0,2,0,0,1,0,2,0,1,0,0,0,1,1,0,1,2,0,7,0,4,0,0,0,0,1,0,1,0,0,1,0,0,1,0,1,2,1,1,2,1,0,4,0,3,1,2,1
taxon480,6,5,2,7,1,1,8,1,14,0,3,1,1,2,2,2,0,1,2,0,13,0,8,1,4,1,1,7,0,4,0,16,16,3,2,7,1,12,10,6,11,4,8,0,17,0,4,9,10,18
taxon481,5,7,1,4,1,1,6,1,12,1,1,0,1,1,0,1,1,0,1,0,3,0,6,2,3,1,0,12,2,3,0,7,5,1,0,9,2,10,6,5,9,10,5,0,11,0,5,3,4,15
taxon482,1,1,1,2,0,0,2,0,4,0,0,0,0,0,0,0,0,0,0,0,0,1,3,0,2,0,0,1,0,0,0,2,1,0,0,3,0,3,4,0,1,3,1,0,2,0,1,1,1,1
taxon483,6,7,1,3,0,1,8,1,5,3,2,4,1,4,0,0,1,2,0,0,5,0,11,0,7,2,0,4,1,3,0,20,7,3,0,3,2,11,10,9,8,5,4,0,16,1,6,7,2,10
taxon484,39,49,5,43,0,1,53,4,80,4,7,15,7,22,8,3,5,10,10,4,605,22,312,52,211,84,18,398,21,75,29,527,377,92,23,300,53,402,301,258,319,376,255,20,875,18,232,419,260,705
taxon485,0,2,0,2,0,0,2,0,4,0,0,0,1,1,0,0,1,0,1,0,4,1,1,0,0,1,0,2,0,0,0,5,1,0,0,2,0,3,2,3,3,7,0,1,5,1,1,3,1,5
taxon486,1,2,0,1,0,0,6,0,2,1,0,0,0,0,0,0,0,0,1,0,4,0,2,0,1,0,1,2,0,1,0,2,1,1,0,2,0,2,2,3,0,2,0,0,5,2,0,4,1,1
taxon487,0,0,0,0,0,0,0,0,0,0,0,0,0,0,0,0,0,0,0,0,2,1,1,1,0,1,0,2,1,0,0,1,0,0,0,3,0,3,4,0,1,0,1,0,5,0,1,1,3,2
taxon488,0,1,0,0,0,0,0,0,2,0,0,0,0,0,0,0,0,0,0,0,4,0,2,0,1,1,0,2,0,0,0,4,1,1,0,2,0,3,5,2,2,2,1,0,7,1,1,2,0,5
taxon489,1,0,0,1,0,0,2,0,5,0,1,0,1,0,0,0,0,1,0,0,10,1,8,3,8,1,0,8,1,3,0,13,4,1,0,5,1,7,9,9,11,8,5,1,22,1,2,8,3,15
taxon490,1,4,0,1,0,0,6,0,3,1,0,0,0,2,1,0,0,0,0,0,1,1,0,0,0,0,0,0,0,0,0,3,3,1,0,0,0,2,0,1,1,1,2,0,4,0,1,2,0,2
taxon491,3,1,1,2,1,0,2,0,5,0,1,2,1,1,1,0,0,0,0,0,5,0,4,0,0,0,0,6,0,0,0,3,3,0,0,1,1,2,1,1,1,0,2,0,4,0,3,1,1,5
taxon492,0,0,0,0,0,0,0,0,0,0,0,0,0,0,0,0,0,0,0,0,496,19,298,65,259,92,23,401,39,76,18,574,391,90,25,274,44,436,286,285,299,362,257,32,885,22,220,436,260,715
taxon493,0,0,0,0,0,0,0,0,0,0,0,0,0,0,0,0,0,0,0,0,2,0,3,0,0,0,0,2,0,0,0,4,1,1,0,1,0,3,1,2,0,1,4,0,2,0,1,0,1,2
taxon494,1,3,0,1,0,0,1,1,4,0,0,0,0,0,0,0,0,0,2,0,2,0,0,0,0,0,0,1,0,1,0,2,3,1,1,3,1,2,3,0,1,0,0,0,5,1,0,2,1,5
taxon495,3,3,0,0,0,0,5,0,4,0,0,1,0,0,1,0,0,2,0,0,3,0,0,0,2,0,0,1,0,0,0,1,0,0,0,1,1,1,4,0,1,0,2,0,6,0,1,2,0,3
taxon496,1,3,0,1,1,0,2,1,4,0,0,0,0,1,0,0,0,0,1,0,1,0,1,0,0,0,0,4,0,0,0,1,1,0,0,2,0,1,1,0,0,1,1,0,2,0,0,0,2,2
taxon497,2,3,0,0,0,0,3,0,5,0,0,1,0,0,0,1,0,0,2,0,4,0,3,2,1,1,1,0,0,0,0,1,3,0,0,0,0,2,1,0,0,2,0,0,8,0,2,5,2,1
taxon498,2,2,0,0,0,0,1,0,2,0,0,0,1,0,1,2,1,0,1,0,2,0,0,0,0,1,0,3,0,0,0,3,2,0,0,1,0,0,3,0,3,2,1,0,1,0,1,2,1,5
taxon499,2,3,0,2,0,0,8,0,6,1,0,0,0,2,2,0,0,2,0,0,16,0,4,0,5,2,0,8,0,2,1,7,7,1,0,8,0,11,3,4,7,8,4,0,19,0,4,9,4,12
taxon500,1,2,0,0,0,0,4,0,5,0,0,0,1,0,0,1,0,1,0,0,3,1,0,0,1,1,0,2,0,1,0,1,1,0,1,1,1,0,0,0,4,1,3,1,6,0,0,0,0,4
